first_name,last_name,email,passwd,ip_address,cc_number
Dareen,Downton,ddownton0@disqus.com,e4MQ2Jx,96.133.79.218,374622698695276
Pammi,Van Dijk,pvandijk1@ft.com,H2ek8vX8NR1a,67.76.172.244,4041599508926
Kyla,Volonte,kvolonte2@hp.com,j0nFejbxw6SX,8.81.229.60,3540239970177155
Bill,Blanchflower,bblanchflower3@chicagotribune.com,mORRQMFxHI,200.48.44.52,3584863225336154
Bertie,Shalders,bshalders4@adobe.com,Dz10VqgK,190.223.240.69,3543982530427928
Theodoric,Leckie,tleckie5@ovh.net,QJPa1hAxH,45.11.187.255,3570491161269597
Andi,Tupling,atupling6@geocities.jp,w7lfa8P316Sn,51.166.191.219,4405959612711432
Talya,Loseby,tloseby7@w3.org,KdZiKRhNL,176.196.163.9,30587318746856
Joanie,Mawby,jmawby8@posterous.com,OOg8zNb,209.220.173.48,6379262369280207
Ronnie,Drane,rdrane9@senate.gov,382t2VC9h,241.48.47.39,5153042713480792
Bernardine,Videneev,bvideneeva@boston.com,HafqNkPfN0,42.120.244.109,6333338526980452
Mercedes,Pigford,mpigfordb@gmpg.org,Rvjk77QmO,170.62.144.104,5048376303799727
Fanechka,Wagon,fwagonc@umn.edu,l9rQAwac,106.62.123.22,3577798601075621
Fidelio,Booley,fbooleyd@ifeng.com,O1umPuPcjeU,7.143.255.159,3560751553688148
Mariana,Venediktov,mvenediktove@mapquest.com,qRnuD9wxsE0F,84.4.133.33,5100144726452034
Sibella,Ambrosoni,sambrosonif@woothemes.com,QOOIOB2bP9l,198.161.199.192,3536717394257956
Delmore,Faircliff,dfaircliffg@google.es,HIdxOG,144.153.230.95,3570964626631494
Gherardo,Letterese,glettereseh@ucoz.com,RANjBJx,79.162.20.27,30322657936805
Clemmy,Jeffryes,cjeffryesi@seesaa.net,E69zvuQv,84.181.78.41,372301205716949
Joshua,Brotherhood,jbrotherhoodj@stumbleupon.com,uDHT7LlcTc,28.20.94.205,3558786218161192
Care,Curner,ccurnerk@state.tx.us,jpWKfrUM,245.200.203.202,3589268757144809
Jessey,Cattrell,jcattrelll@seesaa.net,3Z4ikT1Fo,184.29.29.218,3555540875922591
Carmine,Coulson,ccoulsonm@comsenz.com,hXdjzR8b,85.238.33.170,30468780042712
Christye,Rimbault,crimbaultn@foxnews.com,7pcOpfG,172.137.29.170,3569881244287116
Gualterio,Borrill,gborrillo@free.fr,TuIB3IRpG5rI,120.246.161.144,5020125747432599
Florence,Dain,fdainp@ask.com,pUVDdfvA,222.49.71.66,4913378638605665
Perice,Ollington,pollingtonq@fema.gov,d79cTYrK,228.173.42.235,3580567712376003
Carol,Seniour,cseniourr@list-manage.com,mRh5yIguI,121.105.227.198,4041372076880935
Tom,Rosewell,trosewells@yahoo.co.jp,hL4WLUq6tZk,125.206.236.42,4917470545606179
Patti,Amiss,pamisst@epa.gov,gaG8mA5JBQY,188.222.182.76,63044650700490673
Taffy,Curm,tcurmu@tiny.cc,KEMTsn1,139.218.239.109,3566144281768545
Chen,Keach,ckeachv@aboutads.info,e7acXIW7BW,191.91.191.140,6389436541374314
Grove,Drayson,gdraysonw@smh.com.au,Y5Oh5G,91.79.234.131,5470779788171394
Kristi,Granham,kgranhamx@shop-pro.jp,jKL8466ERd,136.150.179.251,4041590676979
Rosette,Cancott,rcancotty@alexa.com,Td1WuN,130.23.83.206,6333536566262108055
Cecilla,Stacy,cstacyz@webs.com,yPHccoHv,101.208.154.33,30114192623349
Stearn,Bottoms,sbottoms10@vkontakte.ru,Hz6K0lo7,35.227.45.77,5602235023992905
Abraham,Vasilchikov,avasilchikov11@yandex.ru,WqZcNRD,237.53.225.241,3566173095570979
Josefa,Scopham,jscopham12@rakuten.co.jp,hvA5SP,69.165.223.55,3553457281365798
Tyler,Eard,teard13@craigslist.org,wkb7ODGjYTr,150.200.237.223,3572243823060247
Dierdre,Routh,drouth14@list-manage.com,UMprdlypkfzW,124.139.111.226,5545291041010154
Angel,Maylam,amaylam15@economist.com,lQvNwlGbdoj,218.19.134.184,4041590125154321
Jayme,Dmitr,jdmitr16@taobao.com,z0icHjs9QY,181.210.86.192,564182276032238751
Mei,Smooth,msmooth17@twitter.com,BVzpODBJeXkr,69.185.133.96,3530853671248032
Elysia,Trahar,etrahar18@bing.com,MzUMYDIA,47.143.145.3,3554195242017129
Cortie,Marcos,cmarcos19@purevolume.com,rknA1wz3nWZ,63.244.237.81,3550662322816500
Fifine,Fannon,ffannon1a@yahoo.co.jp,CaTHE9mF,176.239.156.209,3549991075564239
Beverley,Shafto,bshafto1b@dropbox.com,DgDIN0OGV,74.136.25.198,3567627822748900
Pepito,Duckit,pduckit1c@google.ru,6F8shPgtNS3,12.243.2.107,4911183844824783
Dyana,Dombrell,ddombrell1d@digg.com,nsmXnuQgU6,34.134.44.236,3547316994132698
Lezlie,McCritchie,lmccritchie1e@unicef.org,SUqApSdMb,235.202.148.159,3582212860503136
Dulcy,Blencowe,dblencowe1f@people.com.cn,LYCueLe,45.4.54.1,4913166908636514
Helen-elizabeth,Earpe,hearpe1g@ftc.gov,SVdRvrn7zeN,27.19.211.246,4041377905935172
Charmane,Belding,cbelding1h@xing.com,wMonuA,156.3.206.2,3561391211288673
Emmerich,Folliss,efolliss1i@woothemes.com,7zJ6htl,170.251.47.221,5007661625130068
Junia,Preshaw,jpreshaw1j@shareasale.com,I7yPH7o,244.167.223.205,6331106374720404107
Jeane,Rontsch,jrontsch1k@symantec.com,wnpGR9w,208.178.223.79,3579990340372371
Doria,Liversidge,dliversidge1l@fda.gov,CgBpidwqPN1q,48.214.43.55,30020688922329
Mata,McKinnon,mmckinnon1m@va.gov,xBrYFsung6t,42.175.86.46,5602236097798608
Selby,Bellew,sbellew1n@fema.gov,s9ViG16,60.90.37.235,30490863435027
Clerkclaude,Rickeard,crickeard1o@yellowpages.com,vDFm4928bj,55.20.238.101,633490466460295064
Fredelia,Daish,fdaish1p@printfriendly.com,g24Y3cvoJUY,132.54.67.209,3588412539323973
Rusty,Jentges,rjentges1q@unblog.fr,T5YHB15vMT,60.26.131.37,5569601611984565
Vito,Mulchrone,vmulchrone1r@msn.com,0WqidB8bJ,75.175.199.234,5602236693543234
Micaela,Cliss,mcliss1s@xing.com,R1qL2uLs3gD,254.13.34.52,36223878069158
Vivienne,Saladine,vsaladine1t@salon.com,PccpXR,32.165.78.119,6771493637412710
Ingrim,Kleinberer,ikleinberer1u@nytimes.com,ujvdVUIgN6,161.156.186.243,5007665704070731
Jennilee,Lawlee,jlawlee1v@imgur.com,wBcHyV,230.171.199.224,6333862006590952
Shell,Gittens,sgittens1w@baidu.com,RPn6Lhx,121.225.30.237,0604942059930209
Stefano,O'Riordan,soriordan1x@google.co.uk,t0u3rirXXAsD,76.124.162.248,67599188535441827
Brocky,Blumsom,bblumsom1y@purevolume.com,SrAk2xWD,44.78.195.42,3589647059595794
Beverlee,Coveny,bcoveny1z@microsoft.com,yv4ytctUiK,133.79.210.247,676396887677206038
Meredithe,Spyby,mspyby20@thetimes.co.uk,Wb9cjElnX,188.36.141.184,3574077669979096
Celinka,Goodding,cgoodding21@wikispaces.com,82eSaU6,253.151.231.46,3584987271595338
Tucky,Boother,tboother22@ihg.com,bkj9YSO0zx,76.119.61.184,337941594459371
Desmond,Coil,dcoil23@alibaba.com,fVKMycygvvsc,192.20.249.38,3586979549347525
Sarine,Wank,swank24@bloglines.com,eEloQ9c8tfBi,38.27.131.40,502028389255685323
Kirby,Hennemann,khennemann25@sina.com.cn,O4Nx2kqj,210.69.104.39,3529664641031124
Othello,Ghiriardelli,oghiriardelli26@ocn.ne.jp,OZgdAe,255.156.116.158,56022205983671752
Eberto,Langeren,elangeren27@themeforest.net,lGOt9uJaipdn,99.152.156.111,5602226538171937
Isidor,Vaughan,ivaughan28@friendfeed.com,PKADF05cNtA,219.221.195.33,67610069236368136
Hilario,Donald,hdonald29@tinyurl.com,2vY4nRQ0x,212.78.250.71,3589024126600942
Thorin,Stein,tstein2a@github.io,0WtTdBN,209.25.55.205,3580882876956593
Dell,Pee,dpee2b@last.fm,7skQythir,119.186.150.138,3572119063650402
Gwenore,Ivantyev,givantyev2c@youtube.com,I9fNkof2bgSZ,105.221.68.11,493637076174019818
Hank,Jakucewicz,hjakucewicz2d@usa.gov,aUUgNexwPJgo,4.15.235.228,3582381837120959
Alla,Crosson,acrosson2e@craigslist.org,HdfCam9,32.54.177.237,3545164096393863
Lexi,Slixby,lslixby2f@timesonline.co.uk,18jX4IQL9pxr,2.203.147.223,56022504097765256
Leanna,Petras,lpetras2g@guardian.co.uk,GK3nil9D60tR,75.176.42.18,670988750850883048
Ahmed,Consadine,aconsadine2h@miitbeian.gov.cn,iNIykep77xnn,151.140.93.214,5641823027156123
Read,Prandini,rprandini2i@gravatar.com,FaQraJcue3,174.107.41.111,3548877330399092
Mela,O'Sherrin,mosherrin2j@who.int,oUqDOEaeKqr,37.251.104.44,56022420237131673
Isiahi,Cordie,icordie2k@techcrunch.com,lFCTCagLz1b8,84.200.199.118,675957479005900186
Henrietta,Lamy,hlamy2l@sphinn.com,vHqTqRjK,168.35.219.116,3585759801037613
Melesa,Youngman,myoungman2m@time.com,cpIVnkk,188.37.102.22,5285907294305298
Kassia,Sapey,ksapey2n@cmu.edu,gVUEnmOdFil,247.50.181.95,3537258967075946
Caralie,Cornelius,ccornelius2o@senate.gov,8zFVNhiy4LE,72.31.47.42,5100177028700965
Janella,Houten,jhouten2p@kickstarter.com,uMlp43E5rjK8,64.108.198.112,3568602705433317
Phaedra,Whatmough,pwhatmough2q@wordpress.org,HcfzNM21K,198.163.229.181,4026195797978806
Gwenora,Verdy,gverdy2r@ucoz.ru,vcRJUU,65.22.179.222,50208146778457164
Cello,Baty,cbaty2s@pinterest.com,ygGuHKI9hr8,184.197.227.243,340328631336587
Lars,Davies,ldavies2t@answers.com,08Kk3Uruf,108.72.164.8,3528532189376261
Brett,Longthorne,blongthorne2u@cdc.gov,DjJtxH,213.39.215.213,3530708068487207
Keefer,McCoole,kmccoole2v@netlog.com,MiW3C9OVnR,240.116.21.50,3581433207828306
Lavinia,Spalton,lspalton2w@uol.com.br,c64mC5YKEC4,74.246.246.126,201594896299566
Orlan,Coots,ocoots2x@etsy.com,kPaUmxm,86.205.246.247,6706135590793749775
Blanca,Antrim,bantrim2y@noaa.gov,U90Oi0ok3,30.67.179.28,372301588421232
Rob,Tearney,rtearney2z@timesonline.co.uk,XMzpohOH,91.134.192.89,3531081570278152
Enid,Francescuccio,efrancescuccio30@answers.com,cDd15tFl8d7,170.49.240.2,3565429661783573
Ryon,Ainsworth,rainsworth31@answers.com,FhfxOaHShJw,253.222.113.167,374288929425220
Mathew,Lafflina,mlafflina32@hugedomains.com,D67v0pH,113.183.186.203,3586780748082297
Chaddie,Dayton,cdayton33@blinklist.com,EhrRvnRiaDT,166.91.89.14,5602230586177820
Ursa,Nutt,unutt34@engadget.com,EcbWDwJ,69.194.25.173,4026251185571834
Tucker,Malyan,tmalyan35@woothemes.com,ikmW1qeQLz,126.241.237.184,3576077127027270
Dario,Huxster,dhuxster36@hostgator.com,NFJKYl,190.161.76.245,5048371082682491
Mara,Tallman,mtallman37@twitpic.com,rq2D0Xncb,136.230.213.225,3587384953751057
Rana,Pattingson,rpattingson38@telegraph.co.uk,XtM7i2,192.124.41.10,3581671407597789
Rozalie,Mills,rmills39@posterous.com,Rkuh0k,41.38.61.162,3541129744530012
Lina,Olpin,lolpin3a@quantcast.com,skv3TjYz79,87.21.166.164,201764967698216
Claiborne,Whitter,cwhitter3b@nyu.edu,l3XrovTCub,34.32.110.196,4026204479662751
Florence,Mallender,fmallender3c@flavors.me,pULIKqG84C6,154.130.175.204,36488724010322
Bron,Yukhnin,byukhnin3d@cnbc.com,Uttn05J7IfGB,0.32.207.153,3540228367052006
Harli,Eadon,headon3e@w3.org,qPbgW3xtCPBk,4.57.105.245,5602221062426757
Estele,Le Barre,elebarre3f@sciencedirect.com,PEdqhW,102.254.45.114,30084103093355
Thadeus,Novotne,tnovotne3g@arizona.edu,kQwnf4x,117.235.200.203,5602255700125562053
Christiane,Downer,cdowner3h@jimdo.com,alq4KVvt,74.139.72.251,3540536510448099
Jareb,Trulock,jtrulock3i@netlog.com,XejlTeGyPKcY,230.88.225.167,3578245311202854
Thane,Bhar,tbhar3j@noaa.gov,ul4pKZYcIn,177.14.245.99,3540910982030471
Kacey,Swatton,kswatton3k@bloglines.com,7k9v4HjA,148.12.47.240,5333392450287030
Kirby,Parmley,kparmley3l@behance.net,7oEjjWYJd,176.132.99.250,3529946129052957
Bourke,Liggens,bliggens3m@amazon.de,irLRgo5VA3kM,128.202.228.88,3536477509333396
Kasper,Langstone,klangstone3n@cnbc.com,RbPKFO,60.44.83.28,5485649337676339
Petronille,Sooper,psooper3o@taobao.com,xHsegQtUL,95.178.113.192,5602242562000967
Whitaker,Gillicuddy,wgillicuddy3p@livejournal.com,TQtnCStECaib,234.140.7.108,6386351493023517
Lynda,Simao,lsimao3q@arizona.edu,BgePVjejMI3g,120.60.88.76,30409788895016
Nikki,Dunkerley,ndunkerley3r@ft.com,nUNiaAgVlU9W,167.216.209.199,3542787397852345
Leif,Splevins,lsplevins3s@geocities.com,ti1pupcGlvup,69.177.161.82,6371532199519778
Pippo,Fasham,pfasham3t@e-recht24.de,dCZpg5NLiF8z,170.239.177.228,201815878485539
Dennison,Jamot,djamot3u@weibo.com,9319ihL5jt6,106.182.128.179,490509466549751842
Luciano,Beal,lbeal3v@webeden.co.uk,V0QwqOU,61.120.127.194,30508598140651
Jacquetta,Fricker,jfricker3w@chronoengine.com,mSVwDfARTC7Q,67.109.46.168,4905774009301464
Eustace,Charrington,echarrington3x@canalblog.com,GUR9osR,125.218.251.158,349471205958781
Lon,Corradi,lcorradi3y@wiley.com,RDsbO6GZojT,126.183.239.185,5048378443420065
Fredia,Teasdale,fteasdale3z@washington.edu,9pHWlgWue,108.249.3.88,5010126582108569
Gerry,Holleran,gholleran40@etsy.com,aQeoNKv,163.27.79.130,4738822245552
Witty,Colcutt,wcolcutt41@columbia.edu,FXRh1YHrsq1Q,40.91.85.74,3545529649470444
Toma,Tizzard,ttizzard42@oakley.com,x2ddDfhGH,132.10.30.53,5403581717678776
Noland,Collingwood,ncollingwood43@foxnews.com,Df4PrW7J1,59.224.235.218,30178405083559
Grant,Connors,gconnors44@ehow.com,lsZmpO3WLh,17.3.135.115,3581352433998107
Agnes,Townsend,atownsend45@is.gd,CvoZFl,169.235.110.201,4978157006887556
Thomasina,MacTeggart,tmacteggart46@eventbrite.com,cZBpkxcmN,107.200.236.95,201754755563698
Katy,Brassington,kbrassington47@npr.org,VBVH36XcPjv,91.141.156.100,5475842917439747
Newton,Camilletti,ncamilletti48@independent.co.uk,lYcK311tLG,190.15.205.228,201743636798870
Clemens,Terrington,cterrington49@auda.org.au,7q5CX3,58.104.5.57,3530304593764540
Kermie,Scatchard,kscatchard4a@ocn.ne.jp,I6iXyC,191.255.45.171,5641820841535888
Hamlen,Stockford,hstockford4b@washington.edu,tsOti6nxMQ,226.253.87.33,201532790957897
Abdel,Noddles,anoddles4c@theglobeandmail.com,6QcrHhkO,17.109.89.108,3547737913148848
Tommy,Kender,tkender4d@behance.net,PYgikIv6I4,149.201.147.79,3529913870685005
Odell,Morfey,omorfey4e@yellowpages.com,DPLLGP,112.82.11.137,4026227098727796
Jackelyn,Norbury,jnorbury4f@google.it,v7zVUYEdGsZ,118.234.84.169,3580086730918951
Edythe,Avarne,eavarne4g@ask.com,9NCRib1gz7nc,248.156.243.75,630444628117040184
Yves,Simmonett,ysimmonett4h@e-recht24.de,BTzX2lwNhzR,231.39.96.88,3556882298795595
Amalle,Bastie,abastie4i@nbcnews.com,OCMMji5i,70.167.193.210,3531967361448055
Fredrick,Stittle,fstittle4j@goo.gl,tMJ9AE,186.124.225.146,5602244171738029
Codee,Poznanski,cpoznanski4k@qq.com,kqA82TDhI,43.178.113.97,5602233594067330
Sarene,Alanbrooke,salanbrooke4l@pagesperso-orange.fr,Kxg4wr0,5.67.221.201,3539130012129549
Reba,Colquitt,rcolquitt4m@yale.edu,Pg8HEoENQL,81.15.143.251,6391526824869224
Manny,Ackery,mackery4n@angelfire.com,TpmU7A,139.42.54.110,30432802861533
Benjie,Giacobo,bgiacobo4o@zdnet.com,LwEERdjKEOJ,6.21.60.216,3558283577836952
Jewell,Riatt,jriatt4p@samsung.com,LjGIsVE2V6,223.187.91.85,5108750427327226
Kellia,Mumbeson,kmumbeson4q@hc360.com,XW18rYOmAqM,13.207.201.97,3561596233867094
Courtney,Porkiss,cporkiss4r@cam.ac.uk,yVgRsEEdHb,160.214.97.9,30215301736870
Giovanna,Mayhow,gmayhow4s@epa.gov,yjBF2GfQTZIP,176.18.161.210,3567693740611828
Alameda,Lightwing,alightwing4t@so-net.ne.jp,B4VdVcvrrDUV,189.226.92.197,50186233751608579
Bail,Doerren,bdoerren4u@howstuffworks.com,NA1Xc10C2,123.77.207.75,3552767086269842
Sophey,Blaymires,sblaymires4v@taobao.com,RZ7z3xR52,28.253.199.12,3556420329763538
Berrie,Jaher,bjaher4w@zdnet.com,gPkoRJgK8,177.247.10.233,201723903826414
Hildegaard,Kenelin,hkenelin4x@yahoo.com,TgIWsSsLGfj,41.15.3.62,3561428396197921
Virginie,Sandlin,vsandlin4y@tinypic.com,s1d2ET0p,5.88.139.205,5281929413845388
Cherise,Durno,cdurno4z@ifeng.com,jhkBc3Q,156.28.4.143,3577603186150502
Allys,Vicary,avicary50@globo.com,JP21la4B34D,137.245.206.142,3585544667888089
Mufi,Duguid,mduguid51@flavors.me,XLhom2c,133.234.164.207,6304015257658145528
Martha,Coxhead,mcoxhead52@posterous.com,WxhbUvP,180.6.79.27,4041373917227492
Chico,Dagnall,cdagnall53@wordpress.com,KxyCtC,5.179.225.44,3532823462627551
Hal,Belli,hbelli54@imgur.com,k8UeTm,71.155.34.149,3562818017785360
Hedda,Duberry,hduberry55@weebly.com,CL6cV7,228.3.69.156,63043126278138169
Nickey,Obee,nobee56@360.cn,jq1nRkrl0,245.75.189.197,4026898557972733
Myles,Gatheral,mgatheral57@webs.com,6A0ueq,189.5.73.190,5100148465071103
Zebedee,Cotterrill,zcotterrill58@ihg.com,x1baCtHa1,231.57.245.128,5610714284701627
Gallard,Fliege,gfliege59@cdbaby.com,lA7WI6e,183.244.97.193,6709568675798702489
Alysia,Bengal,abengal5a@webeden.co.uk,YHQSRO,165.246.13.59,3570913021645377
Stacee,Steinor,ssteinor5b@state.tx.us,IuJ4K3R,96.117.193.98,3537457225664588
Shalom,Pendrich,spendrich5c@marketwatch.com,kKoR9tOOM,188.145.71.145,6392480795910782
Kinny,Dennistoun,kdennistoun5d@nytimes.com,phX0zL2xvmOG,211.75.49.61,3586278068013232
Denys,Tubby,dtubby5e@t-online.de,Bus7A5ok70fR,113.188.10.6,6390655624631921
Sherline,Barford,sbarford5f@alexa.com,FC2DLWOxfIO,136.194.254.75,3544288092759545
Uri,Foley,ufoley5g@huffingtonpost.com,YwOcajzS,166.3.77.210,5100399735817383
Gerald,Goeff,ggoeff5h@chronoengine.com,dnP3TDZe,34.11.108.138,5602226116419229
Angie,Gheorghie,agheorghie5i@cornell.edu,OF5uzITVQfuP,46.54.98.202,3574544977337895
Joete,Clarricoates,jclarricoates5j@alexa.com,22I70G,243.165.66.213,4936908795768793225
Bill,Pettit,bpettit5k@free.fr,NkRD3J,228.223.46.145,3580260834971766
Jarrod,Blaker,jblaker5l@topsy.com,Kr2Y6JkPMV6,7.163.71.132,5602242397257410411
Katerine,Kendell,kkendell5m@a8.net,F2y7328Qkdq,157.249.142.215,56103872364601039
Rhea,Tolotti,rtolotti5n@sbwire.com,NFHtdmUWgQE,146.195.164.9,3540526550170323
Benedict,Markel,bmarkel5o@xrea.com,0UtIO6sPS2F,244.8.16.139,3528803001591282
Hatty,Lowmass,hlowmass5p@slashdot.org,99GAVH2fKf0d,42.96.214.106,5429790065046466
Roy,Monkleigh,rmonkleigh5q@stumbleupon.com,Qb1h5it,25.183.18.91,5602215648659212
Kendricks,Shermore,kshermore5r@histats.com,OlRmJSVNKvmS,167.61.207.153,5602254098759180
Joycelin,Flew,jflew5s@tumblr.com,wxi21a6wM,131.104.249.55,6372770154655091
Andrei,Pebworth,apebworth5t@fastcompany.com,vvwCjVg,129.156.174.2,3530330606847261
Leigha,Alti,lalti5u@chron.com,rgMRIIKTLO,227.194.165.203,3541077598822912
Venita,Trembley,vtrembley5v@google.ru,bivOtWa2,63.31.130.135,5602251130970510
Leontine,Cumpton,lcumpton5w@microsoft.com,8PdyC9xwH,190.136.168.48,6759201683505659
Elihu,Stitcher,estitcher5x@berkeley.edu,NoH0MUh,56.152.20.202,5602257781393100
Babbie,Tombling,btombling5y@purevolume.com,HHplGJCOe2jC,77.249.241.27,3561281162730577
Leonerd,Kopke,lkopke5z@technorati.com,xaf3JEQ6c,215.127.165.217,4508798640668552
Dixie,Seymer,dseymer60@csmonitor.com,yKUgkG,222.40.47.175,3537303337129211
Callida,Shields,cshields61@jugem.jp,HCiQ96Cz,205.1.6.196,5602229822108102
Susana,Kaplin,skaplin62@bloglines.com,qiXFZ6FLfMm,92.254.162.173,3588447170370065
Maiga,Arnao,marnao63@blinklist.com,14claB,254.46.52.246,3546546793241297
Harrison,Codling,hcodling64@joomla.org,rrv0gTrK,206.133.15.38,6304182559862249625
Jocko,Ohanessian,johanessian65@vkontakte.ru,Uawce3KMsC2j,17.122.98.207,5002357615991081
Sunshine,Auger,sauger66@addtoany.com,0zps8i3jcZ1F,170.145.102.183,56022411501131713
Mercie,Vernau,mvernau67@liveinternet.ru,0Q7Pgvs7G,57.206.237.219,3537318761975327
Cody,Chandler,cchandler68@ezinearticles.com,kdMFMTksOz,29.186.161.90,6767202900792724
Emmet,Lorant,elorant69@wunderground.com,CjUcceGBWg,92.92.151.26,3552647681353359
Reamonn,Gierck,rgierck6a@ucla.edu,lniVRL,153.180.247.159,343803926356778
Bill,Grimble,bgrimble6b@buzzfeed.com,6snSvQR,210.195.246.127,3577050056616370
Arvy,McBoyle,amcboyle6c@thetimes.co.uk,1V3r5d9xyNa,59.95.121.232,3530798693005755
Gilly,Albro,galbro6d@ft.com,jTzTmtPafg,4.61.107.181,201617506855012
Goddard,Hazel,ghazel6e@usgs.gov,OFrDchEygZ,201.162.243.165,4229472198168
Arabella,Coalbran,acoalbran6f@hibu.com,2D8RNwuB,51.128.34.244,0604840858954786
Paule,Devas,pdevas6g@reuters.com,ZsUr4V,153.173.222.70,560222652978962507
Fletch,Tuhy,ftuhy6h@who.int,Vqse2YrigWy6,142.163.150.18,36345435369969
Pammi,Seefeldt,pseefeldt6i@myspace.com,WaHArHtR,174.240.89.106,5602218468521751
Anatola,O'Longain,aolongain6j@com.com,PGUgVzz,136.127.152.30,3553202539764891
Lexy,Brayshay,lbrayshay6k@yellowbook.com,yKVaRUE,247.71.211.240,3562755161185098
Pieter,Mazillius,pmazillius6l@usda.gov,4YIy6Edy,82.73.141.32,5100170195090500
Waly,Po,wpo6m@webnode.com,SMooV4A4RbKb,84.148.89.239,3586313026544950
Charline,Cassimer,ccassimer6n@uol.com.br,FC65olg9f,79.154.230.145,3555171197256433
Kristo,Kestle,kkestle6o@google.ca,8jEY5SKLsqoG,57.195.208.8,4936490856904481
Thibaut,Keune,tkeune6p@amazon.co.jp,NjKJ3UUCWn,121.241.224.132,5048377764428145
Dorri,Winchcum,dwinchcum6q@wiley.com,k0zLEbY5Zz,166.251.161.152,5571573285389643
Friedrick,Futcher,ffutcher6r@bravesites.com,veJ5XP,27.104.177.196,3568505801204864
Jory,Neild,jneild6s@google.ca,EPZwmGt,199.48.109.223,3533111202153792
Katine,MacFayden,kmacfayden6t@hostgator.com,XEbBSP,226.62.200.145,5610268512048962
Siegfried,Jagson,sjagson6u@ebay.co.uk,BGm9wkctS,48.117.44.184,5108751099842336
Salomi,Sheridan,ssheridan6v@php.net,GUECvo,189.66.146.72,6767884754615083749
Annetta,Baroux,abaroux6w@indiatimes.com,xWAEAEdYVD8,187.224.152.157,201483807563171
Nataline,Bracey,nbracey6x@hao123.com,m3ydcAeCX,135.174.178.68,5002356741356060
Tonnie,Tompkins,ttompkins6y@biglobe.ne.jp,sldSyj,212.2.88.114,201939688798343
Micheline,Boston,mboston6z@yale.edu,FtsLBWpl,8.156.247.107,67714660904925341
Luce,Simoncini,lsimoncini70@boston.com,a72oEUu,193.237.83.176,3579662818254759
Gordon,Traynor,gtraynor71@shutterfly.com,3H3bQXFJ,60.238.96.196,30238268479482
Blithe,Baldini,bbaldini72@ox.ac.uk,qdN870,195.13.204.155,4911909682001963
Dorian,Sauter,dsauter73@studiopress.com,5z55AayhHLE,195.78.91.52,343249275982709
Leann,Oxenford,loxenford74@cocolog-nifty.com,1E7Wvs,177.8.187.9,3534475239604963
Keen,Grgic,kgrgic75@jalbum.net,HhA7JsExiNhv,9.214.130.16,3589468182764235
Forrester,Goroni,fgoroni76@barnesandnoble.com,YKWho3yX6fs,3.79.210.96,348907331871993
Babb,Hanniger,bhanniger77@stumbleupon.com,85TkGJKC,225.0.232.156,201414336254354
Massimo,Deny,mdeny78@indiegogo.com,rlu9vDVT,168.151.107.122,6761002710652613
Murielle,Graber,mgraber79@wufoo.com,NKJ7qHdT,83.105.214.140,5048370989487889
Alicia,Overland,aoverland7a@g.co,WYt200n,222.3.26.32,3533368573948560
Loreen,Gregh,lgregh7b@marketwatch.com,5ThHqHYRe,60.3.45.8,5477515625268503
Francyne,Ridewood,fridewood7c@imdb.com,hqnakw7,215.73.147.48,67068186378413582
Kelcy,Kuhl,kkuhl7d@craigslist.org,vV3WID,14.85.208.190,4405098430750775
Agosto,Leynton,aleynton7e@noaa.gov,9m1odjQxpd,199.224.238.169,3584669081449902
Giavani,Farmiloe,gfarmiloe7f@washington.edu,RYckmDMd,138.216.220.145,3559937899283149
Jethro,Arnaldo,jarnaldo7g@google.pl,epo3NTsBSu,24.77.227.236,3551913827402554
Katrinka,Eisig,keisig7h@globo.com,ViCX1gty,142.251.45.35,3529228082425730
Curr,Philipps,cphilipps7i@free.fr,mbV8opjVM,72.56.7.4,4041375285907076
Martino,Forward,mforward7j@tuttocitta.it,XJOIcSqOF70M,203.120.202.196,3572304169178777
Jaquelyn,Olwen,jolwen7k@woothemes.com,NDFtCPo8VD,239.249.23.36,4911746945982995440
Pietrek,Jannequin,pjannequin7l@csmonitor.com,qbGYt4e5Dil,191.173.182.64,56022274266123386
Farly,Maeer,fmaeer7m@so-net.ne.jp,WpIPsCuOPhTz,23.220.27.96,3566513807351749
Trenton,Gwinn,tgwinn7n@sourceforge.net,iyBUN3J,37.194.201.141,560224924861474744
Gabe,von Grollmann,gvongrollmann7o@telegraph.co.uk,ds7ULBaLOo1G,217.208.158.111,503842408809136997
Nap,Luten,nluten7p@ycombinator.com,qxGrtyFPVluE,113.174.217.187,3534611203009546
Blythe,Culshaw,bculshaw7q@desdev.cn,djdNz4crG9F,215.248.249.9,372301965543871
Klarrisa,Toffanelli,ktoffanelli7r@spotify.com,qr6dMNoaQ,149.108.239.61,6331107019299067434
Fiona,Leband,fleband7s@imgur.com,SNHEQ4mJ,56.40.33.235,3528113788724472
Rosaline,Kuhnke,rkuhnke7t@ox.ac.uk,tzMaujl,124.47.71.60,30493441020097
Giovanna,Quene,gquene7u@yelp.com,w6aurUt,210.46.93.234,3538669443587396
Alister,Bernucci,abernucci7v@ezinearticles.com,c9vbwZF3bDLW,157.82.107.215,36407995893661
Francois,Lissimore,flissimore7w@vkontakte.ru,qkJiJeQ1,103.23.49.94,3555068089356539
Babette,Kellen,bkellen7x@huffingtonpost.com,ZCLQDwUmTUX,71.179.183.187,30529795487919
Marwin,Ishchenko,mishchenko7y@mysql.com,cTViYPp5,206.28.184.128,374622527247364
Doloritas,De Beneditti,ddebeneditti7z@telegraph.co.uk,kCsUOO,242.137.140.42,5108756483530918
Harold,Mundle,hmundle80@symantec.com,IECXNNKb,27.178.193.90,5100142905787162
Jourdain,Halle,jhalle81@surveymonkey.com,22iQKMa,46.165.124.95,5243216690788169
Ivonne,Nicklinson,inicklinson82@amazon.co.jp,FP7EdM8psS,169.96.197.33,3576500615383608
Deedee,Kipping,dkipping83@uol.com.br,BgQL0O17,33.98.190.153,493696547471339966
Bernardo,Edmund,bedmund84@smh.com.au,8yCtWVngMc,50.83.120.116,5602229031966613
Marten,Keenan,mkeenan85@wired.com,ksWv4srBcSs6,70.99.190.43,3553727930374452
Marsha,Reoch,mreoch86@indiegogo.com,cezgwfwTgD,204.188.129.198,491160286975275274
Kurtis,Jeannon,kjeannon87@washingtonpost.com,0dOzZQfEEeq,63.64.49.14,3537429122376095
Sigismund,Cotgrove,scotgrove88@ebay.co.uk,FXAEJPI,180.170.88.221,3584216439072968
Dallis,Skelbeck,dskelbeck89@wix.com,xYdVOw6Wmi,216.70.144.36,5602228033158153
Nichol,Kalker,nkalker8a@a8.net,ELotQrlM,240.221.70.2,56022599486283358
Charlot,Dresse,cdresse8b@facebook.com,612C3qpSvgcL,80.7.209.5,3556293848269513
Emerson,Blaiklock,eblaiklock8c@gravatar.com,IpCD4zL0L,239.39.59.189,3579995072945351
Eli,Ullock,eullock8d@ucoz.com,VytRDQBGM8,62.221.176.41,3543658801519441
Pat,Canelas,pcanelas8e@wix.com,7hsgWEwVjK,70.148.34.33,56022147041833869
Angelia,Micheli,amicheli8f@behance.net,zPQMU2RPA,174.25.176.60,3539163151615143
Thornie,Braizier,tbraizier8g@ox.ac.uk,zQxqX7dXvEB,150.253.90.203,5512299359555131
Gerda,Imloch,gimloch8h@cocolog-nifty.com,XEYVyWsJa9go,48.122.174.184,3529431187060135
Hermann,MacIlraith,hmacilraith8i@google.com,x4R65bR4mo,117.245.5.66,5007667224660876
Emilia,Barczewski,ebarczewski8j@scribd.com,vd2T8x5TFZe,141.115.198.169,3569416654389837
Issi,Sizland,isizland8k@upenn.edu,tXhqKt,209.61.234.251,630401652070578932
Abba,Bockett,abockett8l@ihg.com,P2kRgBh0w,71.68.248.228,3581948677435530
Linnea,Filchagin,lfilchagin8m@census.gov,8dhFzVgW10kZ,68.17.54.156,6388140963129229
Jeannine,Oakley,joakley8n@gmpg.org,7Z60cvYL7JCu,168.7.243.55,4917952991643087
Shauna,Faltin,sfaltin8o@woothemes.com,LKIYTV,182.163.83.93,0604088760321302
Prudy,de Quesne,pdequesne8p@foxnews.com,JJnZx6lYGQ7m,75.170.230.222,3534167612218962
Molli,Eisikowitz,meisikowitz8q@ask.com,jXz9Ba7,169.185.132.62,4917690200963611
Leeanne,Kennan,lkennan8r@noaa.gov,ObhFBya4hVr,128.40.145.26,3531972997184934
Brady,Chable,bchable8s@lulu.com,5QqU32jI,132.72.209.23,3539311633443739
Peri,Peevor,ppeevor8t@godaddy.com,0xALIv4t,26.134.89.177,5437185887421312
Lydie,Guillot,lguillot8u@ftc.gov,EMvtrnU6bw,125.11.186.224,560222217949609361
Haley,Rhoddie,hrhoddie8v@imgur.com,IPyPrBwp,80.99.245.34,30119052126218
Raviv,Sandwich,rsandwich8w@va.gov,PgnmBtOBy1x,61.225.31.102,589347191374833029
Damien,Wanjek,dwanjek8x@ox.ac.uk,4lfjP80g,56.78.170.52,6386976877980906
Finley,Calkin,fcalkin8y@toplist.cz,19B1MtE2fy0,107.10.255.195,5602244688642797
Marcella,Castillon,mcastillon8z@google.co.uk,O0HT3yXenKC8,189.213.246.179,3579312770286049
Robinet,Mitchinson,rmitchinson90@deviantart.com,2mcp54a5G3Iw,244.94.214.198,6304041478423921054
Cassaundra,Shepherdson,cshepherdson91@dedecms.com,740v0N5,213.29.39.92,6709516454404480
Kathie,Ege,kege92@tripadvisor.com,q7YD7RNXaT,197.252.37.103,201897922975541
Livvy,Mullis,lmullis93@slideshare.net,xmhOKv5,226.246.55.235,0604528072101391366
Jody,Dixsee,jdixsee94@youtube.com,a8B4om9mVu5,146.23.159.93,201427508313758
Augustin,Pidgin,apidgin95@squarespace.com,xCmWLDqy,158.168.85.147,4041373910579
George,Bourgaize,gbourgaize96@networkadvertising.org,bkIXN7,3.229.239.7,3571455239980161
Lucretia,Pettingill,lpettingill97@1und1.de,PP5j9vm,4.221.114.45,3580697943255401
Fleur,Kevern,fkevern98@paypal.com,Ql07nfWnIscI,54.10.241.210,4026237418196226
Thaddeus,Yoxen,tyoxen99@cbc.ca,NKQHD5sL5,165.44.88.230,5602256691649171
Clementius,Housegoe,chousegoe9a@bloglovin.com,zmaNihxDygeD,227.184.218.137,3565007767137041
Alfreda,Burman,aburman9b@webmd.com,m8JaXeVyDx,107.204.200.108,3570387011563918
Felisha,Windress,fwindress9c@stanford.edu,kpDFkjdcCZW,211.14.129.138,201900118440476
Gerald,Swinbourne,gswinbourne9d@linkedin.com,QnpH5wO5kpA,147.129.192.113,3570026280427898
Tome,McCloughlin,tmccloughlin9e@webnode.com,XWSYVMCCBqe,171.101.130.69,3584354756151048
Nadean,Woofenden,nwoofenden9f@noaa.gov,OUINAhylg9,45.242.204.94,3531093295749888
Skippie,MacAlees,smacalees9g@psu.edu,9RZ8ZyPr8Ji9,169.101.159.113,374622506697530
Terri-jo,Botcherby,tbotcherby9h@mlb.com,KQ5aCgheG4jE,128.153.221.195,4917091659255767
Bary,Farnsworth,bfarnsworth9i@cdc.gov,q2Lm5yxHR,71.202.120.183,3577715977611144
Connie,Danielski,cdanielski9j@cargocollective.com,VTPqtA9Y,155.191.45.152,3533803191548863
Deane,Owens,dowens9k@pinterest.com,NDcgEO,103.96.91.188,3572495790514396
Ronni,Confort,rconfort9l@51.la,VLgtJtRk4rg,71.60.174.67,6304615037393553994
Krystle,Winterscale,kwinterscale9m@cam.ac.uk,ZbIL8CtPe1S,110.199.210.94,3544346482830381
Ingemar,Klemmt,iklemmt9n@dmoz.org,xHZDOw,105.30.194.113,4905817507340094
Elita,Grzegorek,egrzegorek9o@theglobeandmail.com,jLn98xUXW,212.108.33.81,201414891138703
Riane,Southam,rsoutham9p@mac.com,FTRE5l,33.178.235.128,4041592623343042
Kerri,Pidgley,kpidgley9q@fastcompany.com,DBCSEf,146.109.63.25,3553194079888513
Doyle,Broomer,dbroomer9r@statcounter.com,R6bLH7X30Yp,43.235.17.30,3570065175300059
Liz,Iacomo,liacomo9s@163.com,jVpr03Q1sPu,144.190.89.139,3531870347948885
Liliane,Mor,lmor9t@nba.com,b3SNfVKGVkbm,154.72.93.22,3549119340244730
Netta,Aitchison,naitchison9u@usatoday.com,DfrKzc9b,126.78.13.166,6709711035101585236
Timothea,Nairne,tnairne9v@biglobe.ne.jp,sWyDihfPbgF,186.73.104.123,5020738815452602124
Hedvige,Turneux,hturneux9w@java.com,qVuk5xr4sM,167.52.252.41,341428988824794
Winifred,Kob,wkob9x@ft.com,oK0c5MYeo,61.8.215.94,3542612902234245
Yancey,Barritt,ybarritt9y@dmoz.org,YAQCaaFpkNd9,42.50.239.112,3565788409314573
Patrick,Ransbury,pransbury9z@unblog.fr,BdRswN,89.198.80.251,3530724062317787
Victor,Sebley,vsebleya0@nba.com,iFTtdp6PJXgs,230.62.43.19,6375075760457420
Mimi,Jiruch,mjirucha1@guardian.co.uk,2t5joaexFt3,36.249.76.13,30286516953303
Elyse,Watting,ewattinga2@wp.com,yIAs8ZZhpfP,127.26.19.102,3553467805247505
Chalmers,Banishevitz,cbanishevitza3@sina.com.cn,7FVHyz,79.9.181.244,201439221981092
Tremayne,Hazard,thazarda4@oracle.com,sPfSFR9,136.47.252.16,5100136774179709
Farris,Broinlich,fbroinlicha5@discuz.net,DCONtEF,48.8.71.174,3559709229709725
Frederique,Armour,farmoura6@google.es,0PYPmVVqSm,45.164.84.26,30262665424446
Suzann,Ringsell,sringsella7@va.gov,Z1wcgNNF,33.22.56.147,677119503308625363
Martie,Poynter,mpoyntera8@biglobe.ne.jp,32zeknK2cOhp,155.5.2.203,3582027352877933
Gawain,Bernhart,gbernharta9@1und1.de,BHVgF9F,208.7.102.50,340035363188926
Stacee,Pindar,spindaraa@privacy.gov.au,3JNTfb,219.216.14.227,3557258397183315
Granthem,Alderson,galdersonab@weebly.com,ASz5Wem8d,240.191.215.139,67626359888115006
Burlie,Bernardotti,bbernardottiac@uiuc.edu,xWqSfSnG,180.104.74.139,3583187730471368
Joseito,Lucus,jlucusad@moonfruit.com,7RWgBhQTqUT,138.236.193.89,3585524835943982
Shani,Hannabuss,shannabussae@tumblr.com,WgjguVvsV,97.112.224.30,5602221555155178
Irving,Dimock,idimockaf@ebay.com,mDVyZn,66.172.185.253,3541221980086278
Arney,Ravenhills,aravenhillsag@cargocollective.com,9tjSgg,221.27.115.181,4911711813608758264
Winston,Marchment,wmarchmentah@icio.us,M6rwAmcUGua,201.137.16.82,201955850357486
Reid,Stangroom,rstangroomai@netvibes.com,R242TVQrQs,145.217.20.102,4911003641907725107
Georgeanne,Largan,glarganaj@arizona.edu,1UzCenrdkj,206.245.63.195,3532497556361722
Raine,Domico,rdomicoak@imageshack.us,9NhL3UfFNc,115.156.120.54,4017959203621
Melosa,Jobke,mjobkeal@google.com,deB6lFgASBiE,36.89.169.47,3573637066105875
Adelheid,Evetts,aevettsam@webmd.com,NZ9OrweRUeRU,138.188.51.146,374288035303311
Rockey,Soppitt,rsoppittan@mayoclinic.com,7JBlqE,3.161.185.11,30429734281533
Cordie,McAndrew,cmcandrewao@tripadvisor.com,P1NDxWDCyCe,162.214.252.113,50188737496585395
Catlin,Cawkwell,ccawkwellap@apple.com,Wpg8iRCOXZyg,216.232.73.23,3587908399628758
Florence,Audrey,faudreyaq@pinterest.com,skYVHuAovv,214.137.233.19,4017957719351144
Trumaine,Dahlen,tdahlenar@jimdo.com,4dAOg82,226.14.242.136,5500056932737477
Oliy,Soane,osoaneas@youtu.be,x4N4QIOa8Mx,104.136.187.248,3580121411692235
Cointon,Kiera,ckieraat@hubpages.com,yD0wKUS7DQsc,46.114.95.130,3553645741438136
Pam,Thyer,pthyerau@privacy.gov.au,Z15WlaXzUTgA,224.41.106.245,3589304200958576
Devina,Martineau,dmartineauav@hhs.gov,wD44ZX6sZD09,61.162.195.90,3567165231305301
Torey,Goddman,tgoddmanaw@alibaba.com,CYOP8p,180.108.135.137,4905024660547457811
Casey,Boullin,cboullinax@narod.ru,HO1MtRsbyj,231.20.7.146,201901390648026
Liesa,Gault,lgaultay@cnn.com,TUt7FMR,56.90.59.45,3560850540984550
Dall,Staig,dstaigaz@java.com,nxHOlZlT40N,86.103.196.182,5038282659133896305
Neddy,Jeannon,njeannonb0@spiegel.de,agLKLMt,113.171.62.36,4508007347697272
Roby,Sprigin,rspriginb1@tmall.com,WSkatn,219.236.222.249,3538289235773946
Lilas,Jeyness,ljeynessb2@youku.com,DjV3LE8n,64.70.88.115,4175000276240232
Denys,Antyukhin,dantyukhinb3@diigo.com,fRVXEv,129.89.184.142,3558222552506925
Tobiah,Dorgon,tdorgonb4@auda.org.au,kL9C2p8g,47.61.26.12,4026407355065755
Alfy,Haly,ahalyb5@fc2.com,GZJjCs,145.11.180.31,676237624363295618
Georgianne,Fewkes,gfewkesb6@sogou.com,YKYaNVBcx59g,209.243.83.129,6331106351174728421
Joelle,Alentyev,jalentyevb7@reference.com,cCJekC,50.144.15.111,5602246981457989
Cinderella,Attarge,cattargeb8@hexun.com,xEpY6sTmBD,248.87.18.179,5100173028117441
Miner,Bloore,mblooreb9@yahoo.com,t0i1cSS8U,81.216.189.142,3581180662063982
Jard,Connors,jconnorsba@sourceforge.net,572CfvNkiau,254.142.255.7,3566477490890431
Garrik,Maddaford,gmaddafordbb@alexa.com,seVrrTstF,64.170.91.109,374288519930241
Hamish,Wheeliker,hwheelikerbc@noaa.gov,G0FveSgX,203.102.175.251,3565924922301124
Terese,Germain,tgermainbd@who.int,X9vfc0b,25.130.136.119,3577380575739878
Julia,Leonida,jleonidabe@digg.com,mccAavO9bXE,75.190.201.87,5602249080256021
Levin,Jansema,ljansemabf@businesswire.com,NEVVOWdN,160.142.123.173,201954441891723
Idalia,Yakobowitz,iyakobowitzbg@engadget.com,vXNdIPSZ,248.56.126.51,5602224758055013
Guthrey,Garlett,ggarlettbh@studiopress.com,wBlJdL,248.178.211.15,490548420547152266
Auguste,Prestwich,aprestwichbi@dailymotion.com,mIkxIaDUJh,113.98.55.147,3587290581329416
April,Oldford,aoldfordbj@wordpress.com,XSPiHNyWPcH,53.181.72.249,3548705823577033
Matteo,Trenholme,mtrenholmebk@trellian.com,3hsiwgzyXL,6.171.17.255,3545693834323527
Marcela,Aspy,maspybl@mail.ru,nU9Q6ns,186.121.215.112,36114287391525
Dorie,Wakenshaw,dwakenshawbm@webmd.com,7Lnpvohsm07,143.63.108.63,6759152003850566113
Caril,Leidl,cleidlbn@bravesites.com,nPYrktCoIgE,60.96.80.161,6333371789562966760
Thoma,Tschierse,ttschiersebo@dropbox.com,o23ugK9LEiZ,118.159.72.110,379213412851752
Chrisse,Fake,cfakebp@ifeng.com,LtHzlDHPNQhJ,74.218.122.200,0604408915948112806
Berny,Childes,bchildesbq@eepurl.com,zIqsJvro,12.32.84.75,502049831691919993
Olag,Izatt,oizattbr@bloglines.com,Tr877bJM,119.51.13.138,5610868600846902
Gerri,Revill,grevillbs@bing.com,IM9aTDOKn1,14.92.44.49,589313186306213548
Allissa,Kinahan,akinahanbt@constantcontact.com,2Pl5Xt,219.238.159.123,5238993285159025
Carlie,Rannells,crannellsbu@booking.com,ta8ULKuirDX,154.166.164.197,3530966332886659
Sayre,Mendoza,smendozabv@technorati.com,rWLgkDe6H,254.84.102.96,3563733153856678
Deborah,Westmore,dwestmorebw@wisc.edu,tdPSXAJ74,164.102.11.67,3541150214228689
Alikee,Dukes,adukesbx@ebay.co.uk,UJ0oozZ,111.200.152.47,30288362623717
Simeon,Stoeckle,sstoeckleby@furl.net,gyvfhb0UnM,34.189.107.118,3589787158906870
Inigo,McDill,imcdillbz@hatena.ne.jp,q1E7f26,75.254.170.145,6709815831490100594
Donny,Whife,dwhifec0@auda.org.au,QcMaNjV5IV,199.147.99.67,3585480742270789
Karalee,Mattielli,kmattiellic1@plala.or.jp,IWf2wKHZxQ1,177.4.138.191,4175009137335735
Iggy,Soloway,isolowayc2@odnoklassniki.ru,tXrm4Krw,125.161.0.224,3537707749320541
Kellby,Prenty,kprentyc3@cdc.gov,bmOKM5k,172.159.247.52,5602245265058489
Franz,Arnaut,farnautc4@typepad.com,4klyVk03IQ5,174.192.242.147,5602235743063763
Dmitri,Elstone,delstonec5@51.la,jC3dXG2TYSIZ,244.108.41.254,6372538182737896
Lyndsey,Simonnot,lsimonnotc6@about.com,zeTJLG,225.53.245.198,67632551943733359
Randolph,Otley,rotleyc7@purevolume.com,owvPdKF,241.12.92.182,491124993329694499
Killy,Magor,kmagorc8@about.com,mC2LvQx,106.101.157.166,5602229370608073
Minnie,Simonnet,msimonnetc9@irs.gov,2EjbG4,218.15.68.197,3535957350503396
Xever,Priddie,xpriddieca@nytimes.com,cNzFBkjfQ,189.74.160.239,5007661423234575
Quentin,Jex,qjexcb@ocn.ne.jp,JAGwm8d1s4fb,215.209.115.237,3587921456863499
Beryle,Connochie,bconnochiecc@twitter.com,BJ5FOWG0eIBD,115.142.140.234,3559399617901645
Niko,Girardi,ngirardicd@macromedia.com,AEINtTVp,54.205.174.183,4913536424056274
Estella,Nesbit,enesbitce@ow.ly,wlD43C,145.114.118.94,560222351054359213
Dorey,Itskovitz,ditskovitzcf@dagondesign.com,INYhnyey,164.55.251.212,3541942313278536
Nissy,Mitchley,nmitchleycg@storify.com,oHhxCcBY,132.39.103.61,5010127992078905
Augustina,Simounet,asimounetch@wikimedia.org,FaWaGEQsg6Vv,80.97.96.25,5108753521912331
Brett,Bendan,bbendanci@wikispaces.com,76a0zeoXHn1z,110.79.208.213,3557703141253849
Beverlee,Lampl,blamplcj@qq.com,5KEFG2ysp,38.150.146.242,4041597268439732
Milly,Wallbridge,mwallbridgeck@cpanel.net,TrCMqa2,2.19.209.129,4017955450978
Gustavo,McGeaney,gmcgeaneycl@etsy.com,gnG6OpHmzIb,121.171.79.122,30232044342494
Hamid,Forri,hforricm@google.ru,y8meXH7,97.193.182.22,5440792562656669
Carling,Sacco,csaccocn@reuters.com,pJhEw6LwNg,148.134.96.14,4041377522338081
Grata,Streetley,gstreetleyco@latimes.com,HOWqlwEe,208.118.125.107,3553460488071151
Dell,Paoloni,dpaolonicp@elpais.com,BjdAibo,145.253.82.180,3568336856302167
Gabbi,Vasilov,gvasilovcq@gov.uk,dUahFQJl,93.226.40.82,633356767469353785
Desiree,Gatiss,dgatisscr@dell.com,iH0avBKu,175.198.248.158,3548425850040777
Katrine,Ible,kiblecs@homestead.com,fvaZRptrv,211.21.115.198,5348205222795671
Becca,Brammer,bbrammerct@uol.com.br,W4p25i8plE,100.166.1.115,3580458330179674
Moritz,Casse,mcassecu@economist.com,DVp7FT,43.248.76.24,3572987221512486
Hube,Conibeer,hconibeercv@guardian.co.uk,A5uyoe,115.74.37.41,5485762803169778
Ileane,Eunson,ieunsoncw@delicious.com,S6GiSVIcK3n1,107.185.214.10,3568369268308076
Hetti,Bartlam,hbartlamcx@ucla.edu,OSE3PE,129.25.240.119,30263843009265
Kip,Holttom,kholttomcy@dedecms.com,UWS2fm4,131.19.39.83,56103620073519764
Dud,Philippart,dphilippartcz@blogger.com,REVRhHXn86F,180.43.137.164,5521800537615389
Nadiya,Rappport,nrappportd0@mozilla.com,vhnMcxFkQqC,222.25.245.48,3563731246623386
Townsend,Gebb,tgebbd1@sohu.com,QKGv4llL3V,114.156.122.229,3553706066870376
Henderson,Farraway,hfarrawayd2@tripadvisor.com,OGpbs2UE1HN,129.125.15.29,3539228534669842
Sheffield,Oakeby,soakebyd3@networksolutions.com,eqAT0SF7FQ,231.136.102.109,3541676052885750
Cornall,Laherty,clahertyd4@ocn.ne.jp,3TwGjBNIn,243.113.26.206,67719634936102117
Zebulon,Hargreves,zhargrevesd5@ehow.com,VlZIVi,54.245.139.11,4844208057884539
Adelina,Libbis,alibbisd6@twitpic.com,yk6PxYIuJ5B,151.241.165.210,3550607477107049
Helsa,Durgan,hdurgand7@noaa.gov,xmS9KJQQhS,34.89.235.209,6767320154760076717
Vanna,Grafham,vgrafhamd8@geocities.jp,DcygKvwVIWb,120.204.170.171,5602256272953091
Annice,Adamek,aadamekd9@google.com.au,j6kJibTT,144.26.92.6,5458323514985938
Barney,Sedgman,bsedgmanda@unesco.org,pQslMO1,198.13.80.223,3587830146830588
Kelley,Marcq,kmarcqdb@admin.ch,ifTW4O6,144.229.167.187,3570169960280961
Glad,Lippiett,glippiettdc@fastcompany.com,wwNpAbqB7,156.227.227.238,3569796433905965
Shirleen,Jopling,sjoplingdd@whitehouse.gov,CaIM1v1ajWJ,73.105.92.246,3555466180625598
Lamont,Thow,lthowde@google.com.br,vqjafFNPf,131.55.250.35,676756164274043410
Denys,Chilton,dchiltondf@auda.org.au,s9JPy0Mar4h,190.107.32.250,5018840755906662531
Austina,Siviour,asiviourdg@auda.org.au,RqgusYNn491,55.235.162.120,3579968587865679
Niels,Gillebert,ngillebertdh@wordpress.com,F0YEV6xE263K,236.179.251.73,3537226438104355
Rutledge,Byatt,rbyattdi@narod.ru,zY7cTmuCGH,198.83.6.224,3569152564553093
Jervis,Simonaitis,jsimonaitisdj@cornell.edu,dMxivdi1DASk,115.237.58.215,560223856191969426
Stephanie,Glazebrook,sglazebrookdk@t-online.de,GhU5J8am5j3e,114.72.124.185,201521334295641
Birdie,Rabjohn,brabjohndl@arstechnica.com,LnW1mM,217.117.192.125,3533197135164501
Tom,Prickett,tprickettdm@yelp.com,T8lPsRDkI,192.234.110.200,201795139189403
Derek,Vasyutin,dvasyutindn@imdb.com,sUYK7uaFIM,242.181.233.219,30221926791423
Maryanne,Lincey,mlinceydo@g.co,ArwNtyvSAl4F,104.252.140.91,5510829807331735
Dilan,Pedican,dpedicandp@cdc.gov,ZvBT5rTl,185.185.89.186,5602243133180171
Ginnie,Surby,gsurbydq@businessinsider.com,6PEfeKa1,3.240.15.109,3545469118916512
Davita,Dalglish,ddalglishdr@dyndns.org,Sxcq8aAOX2s,130.153.159.143,3570849852868193
Carrie,Crowder,ccrowderds@purevolume.com,9Jdg3vBFcmig,217.36.127.111,4508734094344283
Jere,Martinec,jmartinecdt@imgur.com,wMRQfELI9o2d,49.53.63.197,3566572935375384
Linc,Armsby,larmsbydu@fc2.com,qa4GbfLyn,47.86.105.21,6771737974992476453
Zulema,Stidever,zstideverdv@admin.ch,vJ98oefM,220.208.121.85,3571135705227228
Anderson,Jackson,ajacksondw@360.cn,b27i11rnSV,203.219.55.16,3558047698637080
Dulciana,Janse,djansedx@earthlink.net,EH08nLdHJ4,2.23.225.29,36486639587608
Regan,Maharey,rmahareydy@wordpress.com,WIvLhKVX3t,195.3.119.252,5139154710903608
Emmit,Topling,etoplingdz@macromedia.com,yOc7DUtvv38a,10.119.74.242,5100173791144333
Robena,Webbe,rwebbee0@nps.gov,rKqNBaIUx,185.185.50.25,3574161708606405
Iosep,O'Breen,iobreene1@wp.com,juWFbQtPT,190.37.132.60,5602244037658812298
Pablo,Cominotti,pcominottie2@scribd.com,8u9BVLmE,197.248.223.178,30128326568048
Danyelle,Bluschke,dbluschkee3@samsung.com,NVltFwj,34.42.98.104,3562990814721326
Marketa,Neath,mneathe4@lycos.com,YQqgpo,111.108.44.238,3554693252977737
Wakefield,Arington,waringtone5@weebly.com,EKXrH0WjpE,207.165.214.2,5048378700545174
Luce,Spears,lspearse6@unicef.org,9lH1jJ,40.117.66.65,30480624184428
Orran,Tourner,otournere7@boston.com,ipeFX2UJskL,254.110.215.52,3577759265911279
Ardella,Anthony,aanthonye8@dell.com,OoBnbngN,188.59.177.65,5020537369165275
Mathilde,Dolbey,mdolbeye9@taobao.com,SDaa9eS0z,178.225.58.65,5602222086729518372
Royce,Larsen,rlarsenea@godaddy.com,hPNowAROhjgP,80.1.195.241,36725276343779
Vicki,Sturr,vsturreb@ucla.edu,mhKxIvYDu,119.100.139.61,6767864645618784099
Arlin,Glenfield,aglenfieldec@mapy.cz,FHuPv1,168.208.74.147,6331105824569853
Alyse,Rollings,arollingsed@xing.com,NqzxW1nXTB,213.7.206.141,5641825895327926
Gradey,Parkisson,gparkissonee@nyu.edu,eSEe8UeuX,170.96.229.163,4041592326433
Trudie,Poxon,tpoxonef@diigo.com,lIDN6V,251.186.97.251,5602244765670513
Netty,Brandone,nbrandoneeg@narod.ru,DXqfkK96o,27.35.124.0,5100146035612117
Carmita,Lyddon,clyddoneh@chron.com,4KYJWr5i10,54.126.111.250,3539367164902246
Theodosia,Churchward,tchurchwardei@hostgator.com,VcVEDDi4g,144.166.175.211,3569219194419613
Penrod,Willatt,pwillattej@gravatar.com,TfNEdG,109.85.208.119,3547737999414601
Evin,Ewbanck,eewbanckek@skype.com,yqO6eA,254.245.114.19,676740701181330197
Rowena,Barks,rbarksel@archive.org,JnW6lynWmylH,164.167.159.198,3558614104634728
Lombard,Kleewein,lkleeweinem@bbc.co.uk,LlBrcG13MLG,213.80.47.33,3559145429583224
Perl,Swannell,pswannellen@ed.gov,xDCnm4,221.55.7.98,201942309036416
Doris,Lester,dlestereo@sun.com,8PNifdCA0U,104.242.12.236,3578550801161811
Boycey,Hessay,bhessayep@columbia.edu,1JVdHx,30.5.27.79,3562039975721996
Marne,Afield,mafieldeq@techcrunch.com,NS0tZKG,208.206.60.40,3565880246476150
Brody,Womersley,bwomersleyer@bizjournals.com,yISJNfMZn8AG,97.138.41.65,3538214674224219
Dolly,O'Downe,dodownees@chronoengine.com,K0G9XKmj0Lk3,53.39.159.2,4508243370973567
Jan,Vasyuchov,jvasyuchovet@google.nl,DNE54pg3IZ,47.138.30.99,67619780011200192
Ingaborg,Le Huquet,ilehuqueteu@java.com,ri9kD6U,145.176.159.7,201503645519471
Nataniel,Slafford,nslaffordev@livejournal.com,7sLe8yBt,110.194.208.182,5602257893315680591
Ashlen,Cresser,acresserew@cnet.com,hjmy87o0ZMrr,26.202.224.142,374046355726408
Gun,Thursby,gthursbyex@wired.com,1H3Ax3,202.77.140.68,4917528897028753
Talya,Seage,tseageey@sphinn.com,IrmPhkJaY,124.16.72.213,36123014480543
Julissa,Colleer,jcolleerez@drupal.org,JabXgAsqnk,3.226.54.81,3536833810328790
Karoly,McIndrew,kmcindrewf0@forbes.com,HQCSogkMD,0.179.61.74,3530907972117005
Ev,Gotmann,egotmannf1@cbslocal.com,bjW6juh8E,87.145.57.142,3582441423022488
Angelita,Greenrodd,agreenroddf2@example.com,9BokWvjJ,145.144.173.137,3589716711974794
Donn,Legging,dleggingf3@macromedia.com,XY7KHNeA5,214.135.200.254,3530100097855358
Kit,Ferriby,kferribyf4@blogs.com,6z7gw3N,237.251.73.53,3536255621265278
Herculie,Higounet,hhigounetf5@unesco.org,aql1Bx2wp,42.65.123.148,3538095346243863
Melvin,Scoular,mscoularf6@blogs.com,dykR9DZzd1U,37.96.65.173,30265972131893
Leslie,Oganesian,loganesianf7@merriam-webster.com,MRUVb1l,98.205.204.148,3573763763744095
Angela,Emanuel,aemanuelf8@sfgate.com,2QhpUkdgpmV,232.23.50.13,3541184449920042
Imojean,Seligson,iseligsonf9@themeforest.net,73yjBxar5Ms,12.178.171.199,5610887996999554
Ardra,Deave,adeavefa@rambler.ru,6IfZeeRyJqT2,47.113.126.109,201500461083202
Otto,Kubal,okubalfb@mlb.com,8igCwDQz,218.185.111.215,372301543919148
Morey,Yude,myudefc@kickstarter.com,8piY5mH1W3D,33.234.114.110,5185111115512957
Correy,Goodrick,cgoodrickfd@blogspot.com,3S1oSckHSaSY,1.110.166.159,5541717995785189
Elysha,Cottle,ecottlefe@barnesandnoble.com,kjV3tu7GHIW,101.66.208.147,5253363035460802
Hillary,Clee,hcleeff@lulu.com,Z7UD4FIeQ8c,52.32.124.186,5518091973419057
Prisca,McMurthy,pmcmurthyfg@cam.ac.uk,JurhtzgqA0l,147.1.68.225,5100173758981024
Paulita,Bonicelli,pbonicellifh@list-manage.com,G1mCzKStatRv,218.165.190.192,3567437281848914
Julianne,Klammt,jklammtfi@scientificamerican.com,BaQsMBkZ2,50.203.174.147,0604107586611074
Gladi,Londors,glondorsfj@adobe.com,w0Pyn8Kd4I,175.140.159.81,3580537927172158
Kameko,Sinott,ksinottfk@epa.gov,QFw2Eq0,16.251.12.73,6374798048405116
Berrie,Strover,bstroverfl@tinyurl.com,e0MqBcAkO,20.254.103.199,3530763837315940
Tristan,Saffen,tsaffenfm@sakura.ne.jp,xok4pGvM,29.105.122.132,30459855268381
Joanna,Beslier,jbeslierfn@hostgator.com,0qzMqwZB,31.46.106.220,6763955016705567
Georgine,Pickersail,gpickersailfo@prweb.com,bP9hZkK,139.45.80.109,5100141345806509
Katerine,Tatteshall,ktatteshallfp@geocities.jp,1ji5gu,87.130.51.77,3560714900986193
Marshall,Munnings,mmunningsfq@instagram.com,oQHcbaR1iRt,81.67.5.194,3572248556258926
Raquel,Kibby,rkibbyfr@nih.gov,5vCPZl,82.209.58.247,201484510989034
Culley,Buddell,cbuddellfs@4shared.com,jBj8zeAgB,95.136.86.142,5602253338983287
Marcos,Gatiss,mgatissft@springer.com,Ry4oaWDFZYP,93.109.171.228,6761238654065848
Mary,Trymme,mtrymmefu@hud.gov,01WjAkfqa,245.184.34.170,6304947895689773991
Lisha,Caesman,lcaesmanfv@bbb.org,NopMEk,168.16.39.83,060404815791899047
Vanessa,Wheaton,vwheatonfw@kickstarter.com,3f5udStt1Mr9,185.186.8.128,3580128618709589
Kim,Dennert,kdennertfx@businessinsider.com,FOzJTPaDB9,217.115.229.210,3580082042823674
Vanda,Viegas,vviegasfy@dailymail.co.uk,WgP1IHepDmq,21.181.87.217,3570491987313140
Guinevere,McPherson,gmcphersonfz@bigcartel.com,6KGm6mPPd,63.177.187.181,3572123062964434
Bryce,Minghella,bminghellag0@sciencedaily.com,QKOlYaBoA,124.112.99.166,3564614973710270
Carrie,MacAnelley,cmacanelleyg1@list-manage.com,9pVviE0H,179.53.114.232,3581686923164146
Ruthi,Garfield,rgarfieldg2@histats.com,o7XDhZx,9.120.14.91,3543236229529530
Abeu,Brimelow,abrimelowg3@gravatar.com,1UfiLIGJf,192.86.202.58,3570565497964177
Kinny,Robertacci,krobertaccig4@un.org,XeTxdx5U,70.86.245.239,3569902184326100
Carroll,Sandeson,csandesong5@state.gov,U4pSgEtbjJ,147.29.144.209,3556603768631403
Frederik,Seifert,fseifertg6@tumblr.com,UDXleUuW2jTR,25.136.200.236,372301995915412
Tony,Franz-Schoninger,tfranzschoningerg7@e-recht24.de,yYUOTqYVGLC,248.182.3.201,5358495127192630
Yvette,Mehew,ymehewg8@wsj.com,kdt8WX,236.9.239.238,5193973268802281
Ilario,McClean,imccleang9@wikipedia.org,69MkGAzSXWsj,117.93.106.207,4405433010880181
Carmelia,Ackrill,cackrillga@tinyurl.com,u8IIEzE,100.151.3.212,4017954769436
Amalie,Tremollet,atremolletgb@sciencedaily.com,nGFy2JAg,88.112.106.228,3588417734139306
Cole,Abel,cabelgc@ovh.net,dmuWdit,163.1.218.184,5100177708919257
Ramsay,Aitchinson,raitchinsongd@howstuffworks.com,80DyVQ,162.151.146.72,4819685754623
Thea,Pantlin,tpantlinge@altervista.org,Km7CRXciFF,247.100.18.90,3568819095808524
Vick,Guyot,vguyotgf@seattletimes.com,fB0rESTj,204.40.95.254,3530655955697101
Granny,Chesterton,gchestertongg@google.cn,kCmHPzp,122.93.166.111,589316896278655453
Normy,Fontelles,nfontellesgh@oakley.com,1Y0eKpvrSO,239.63.12.142,30127270648749
Erik,Dibdin,edibdingi@upenn.edu,5fpagn7N,14.142.134.80,5610001324375137
Brandice,Laborda,blabordagj@webmd.com,lv69BSmUW,51.114.170.225,5156426295569253
Shayne,Wanklin,swanklingk@etsy.com,Nb29PPNZEaa,149.59.66.244,3533271985859666
Andie,Goom,agoomgl@topsy.com,CGHPaA,240.155.249.185,374288064261364
Juliann,Cordeau,jcordeaugm@wunderground.com,d7faCQ,226.44.179.128,3588012067710599
Tani,Papis,tpapisgn@slideshare.net,3pZz5tlbGL,16.102.40.111,490366975672326992
Emilio,Shefton,esheftongo@163.com,HFrRTm3sT,160.40.138.222,374622758272594
Eduardo,Braghini,ebraghinigp@geocities.com,4fKybo,26.162.221.92,5100140076585894
Pall,Lohrensen,plohrensengq@hostgator.com,yX4ThQBog,249.71.142.231,6767661963560718
Rita,Vanyarkin,rvanyarkingr@wired.com,Cy0KC45,12.226.221.245,201630701127277
Marchall,Kimpton,mkimptongs@fda.gov,G7h26LK,100.151.99.243,3544883379375922
Arthur,Welbrock,awelbrockgt@newsvine.com,D2Mr80dgC,61.61.102.85,6767573592988469
Glory,Perone,gperonegu@howstuffworks.com,0rm2XWJXP,209.135.71.230,5437678906478875
Fredra,Gillfillan,fgillfillangv@huffingtonpost.com,DZKhp7YAv9c,35.127.79.32,3560340111657140
Annecorinne,Hanscom,ahanscomgw@jalbum.net,V6YPKxW,0.4.62.187,560221376697839074
Morgan,Dowthwaite,mdowthwaitegx@indiatimes.com,AEc5VqVH,72.233.32.54,675923761440138030
Tripp,Dincey,tdinceygy@slate.com,YgnPDAt1m,173.211.167.124,5018149101790289
Wilfred,Kayne,wkaynegz@house.gov,RkRnQlkb,114.38.15.113,6767540238349638
Pierre,Shmyr,pshmyrh0@smh.com.au,uAkMI1,163.251.100.164,3588152667887957
Goldie,Monni,gmonnih1@bbc.co.uk,OimxsPu5,82.79.42.160,5383647718691367
Hercule,Yurmanovev,hyurmanovevh2@alibaba.com,HhtQ9sVK6P,173.252.253.168,3548643058238627
Meir,Sebastian,msebastianh3@wsj.com,Co5oDugim,68.187.86.220,3579208013436054
Dorita,McGettrick,dmcgettrickh4@state.tx.us,wGOGV19JUSW,170.158.221.16,3573823393094350
Fidel,Rauprich,frauprichh5@wix.com,Z4tXvGE83,160.123.196.205,6759094270418629334
Juieta,Glavis,jglavish6@foxnews.com,2hO3asR9r,65.76.177.176,5149769600218078
Christy,Conlon,cconlonh7@smh.com.au,oJ7xUNK1Q,165.157.146.3,675963138749432227
Gale,Lowdeane,glowdeaneh8@liveinternet.ru,nACd1pV,48.17.44.220,3533119514584323
Elmer,Douche,edoucheh9@skyrock.com,IONkIuj,58.93.27.225,4720510481780
Hobart,Joyce,hjoyceha@timesonline.co.uk,CkFW3zFYE,208.145.164.105,5100173251513894
Karlyn,Pear,kpearhb@columbia.edu,iQYLjFbg,193.209.200.30,6398355047960815
Calley,Ripley,cripleyhc@wisc.edu,WEuAo2f,148.195.72.11,3550814395203518
Aleen,Foard,afoardhd@hhs.gov,N6MHF0P,220.39.143.37,5002359132215630
Elly,Morgon,emorgonhe@studiopress.com,4Gvtvc,182.173.226.186,3585407669546297
Lionel,Potes,lpoteshf@mapy.cz,voE0FS7MIq,48.105.244.62,50187167499209788
Melitta,Seyffert,mseyfferthg@spotify.com,avwa7SaB4YJ5,67.141.23.178,6382997159142456
Morissa,De Bruyn,mdebruynhh@sbwire.com,kFOBIywJ,48.194.19.116,6767594634325270
Teddy,Skarin,tskarinhi@1und1.de,k55Z2K,171.238.45.81,5434824820009734
Osmond,Pedro,opedrohj@pcworld.com,BVkMTwhR6gSj,38.235.225.68,5221165453624325
Aura,Joust,ajousthk@wiley.com,WW57ktQIYdx,119.54.24.220,3577009045564125
Stephanus,Clench,sclenchhl@ask.com,XJO5rv,83.39.23.55,3544564046545861
Betsey,Ludovici,bludovicihm@yahoo.co.jp,pLor8qGMTmq,137.167.130.55,560221229886616979
Korey,Adderley,kadderleyhn@e-recht24.de,IFvZRJ4,216.155.5.113,3542530114382802
Susie,Top,stopho@alibaba.com,ZjTTZSE,3.176.26.175,3544464066631065
Shaylyn,Wiffen,swiffenhp@prnewswire.com,4H6p6Vb40e,147.112.223.30,30059564280774
Graehme,Hamley,ghamleyhq@booking.com,2ZcPh2i,236.179.133.46,3587265746691314
Coral,Elbourn,celbournhr@cyberchimps.com,uJYwclQyWE,49.184.247.248,30133632281187
Oneida,Trulock,otrulockhs@dell.com,XrRlBFQoN,184.96.163.95,3576615019232365
Nikoletta,Wardrop,nwardropht@yandex.ru,NNCm9wH50Z3,89.250.107.195,374288294063325
Barbabas,Gerram,bgerramhu@cdc.gov,GRNPsGfW0VN,200.44.214.114,5641825380411861953
Gizela,Wetherburn,gwetherburnhv@icq.com,NzTA42br,205.22.46.28,3580318858688250
Dion,Clissell,dclissellhw@amazon.co.uk,oxQvzIjDQpH,49.112.203.226,3537450092615247
Gaston,Barizeret,gbarizerethx@mapy.cz,Ahi5ChZPa9Tu,165.154.69.73,3538627301940487
Lori,Ryall,lryallhy@yolasite.com,6UiO2Od,75.3.128.187,503888009433269900
Kellen,Hewertson,khewertsonhz@apple.com,eVZIz1JQg,93.128.71.48,6709888694676833
Bonita,Hibbart,bhibbarti0@vimeo.com,WSJiz4EGPWDc,47.71.136.19,4175003829085583
Dominga,Temperley,dtemperleyi1@skyrock.com,WeD4VZUz8hw,78.219.129.136,5100133018275054
Shauna,Jencey,sjenceyi2@hatena.ne.jp,4fZnair,82.154.141.28,3548699190713034
Lane,Adamou,ladamoui3@dell.com,1XPcZQQghcJ,13.141.54.69,3529718382822263
Nellie,Iskov,niskovi4@forbes.com,eelmvTA,31.127.110.247,6763764406367133735
Jobye,Stukings,jstukingsi5@is.gd,9UQvECKwW5,88.102.238.124,3529427800470115
Ursa,Ratnege,uratnegei6@hp.com,1R4jYPQB,215.62.94.118,3572864244366952
Nonah,Valance,nvalancei7@state.gov,CPS5KjPlb96,92.44.19.40,564182067734872256
Lurline,Keneford,lkenefordi8@yandex.ru,XeJ3LA4,61.104.11.35,5250040830103265
Christan,Lamminam,clamminami9@businessweek.com,7AhIlcAM,35.128.101.84,3558639178371923
Amalita,Fackrell,afackrellia@vk.com,TOxFyiT6StWn,70.207.217.109,3570605260951538
Thom,Doggrell,tdoggrellib@loc.gov,dt9hXEtY,196.133.127.211,3583853922798690
Bobbe,Syalvester,bsyalvesteric@youtu.be,WkzpUhY,191.26.29.135,5602243408599105
Baillie,Glendenning,bglendenningid@a8.net,AGrfulafG,205.243.235.221,5010127312135849
Sigrid,Birdall,sbirdallie@cargocollective.com,rNhL3BBVZ,112.140.114.12,5048378784899794
Maggee,Dannohl,mdannohlif@booking.com,leXZ11yXDD5,42.8.65.181,3570212550929116
Coletta,Baldacchi,cbaldacchiig@example.com,NdFioz8,221.103.145.232,201803679097828
Deny,Foresight,dforesightih@bravesites.com,vfVa5qcYCV,152.16.93.25,4903761324226726
Shoshanna,Gouldbourn,sgouldbournii@macromedia.com,PzKTWqGipE1F,6.151.43.65,3580274237561645
Dorris,Seamer,dseamerij@wix.com,t76D5yo0fhZM,145.237.242.132,5010128767893155
Britt,Greenroa,bgreenroaik@a8.net,fkaLXCCdVT1,166.1.117.23,3548605383279253
Jaquenetta,Haffard,jhaffardil@blogger.com,X1lhR4l,146.117.248.254,63046129171013551
Georgia,Wych,gwychim@utexas.edu,9hLTMX2,143.38.84.32,3588091349103153
Othella,Sheringham,osheringhamin@ihg.com,PrSkCxErmvht,155.88.167.244,5100177164116737
Elisabeth,Marrows,emarrowsio@columbia.edu,pKrmSqt,192.14.133.236,6386125967489242
Quill,McBay,qmcbayip@pbs.org,EoX0e2hk0QGd,78.106.155.241,5002359237722738
Duffie,Swiggs,dswiggsiq@apache.org,YMnU9uQp,242.224.92.118,3589925175225847
Kendell,Krzysztof,kkrzysztofir@ifeng.com,yBmeaF,53.99.129.67,3556395379634138
Caro,Fransemai,cfransemaiis@facebook.com,Ys5jfy,212.158.109.56,67097502425682513
Gabriello,Gomme,ggommeit@latimes.com,CrB8qfIwVBrr,167.117.197.247,3554494415419851
Libbie,Sebrook,lsebrookiu@comcast.net,sMkYmMBfUej,77.47.173.45,374622175497105
Carlotta,Turnbull,cturnbulliv@angelfire.com,nSNWxE7Cc3B,176.133.145.31,3541955336669085
Mayer,Spowage,mspowageiw@booking.com,uazy6Rr,16.223.23.212,3564015334232014
Cece,Fricke,cfrickeix@cbsnews.com,2Y8mZSrRzW,179.169.215.231,3578905168215503
Cristobal,Capozzi,ccapozziiy@reference.com,2e5wqW,75.219.252.122,5185407087525203
Hedwig,Jambrozek,hjambrozekiz@uol.com.br,PfYU5Fy6Nc7,100.61.236.56,4903449128763390761
Saidee,Monroe,smonroej0@altervista.org,hk7gsLpaVL,170.105.199.146,3562011910345231
Celle,Casoni,ccasonij1@4shared.com,xqQI21Y,241.228.202.108,6759279318881927
Cordelia,Segrott,csegrottj2@bluehost.com,tqzk3v,112.244.133.61,6767094932295622
Fredia,Carnalan,fcarnalanj3@networksolutions.com,5mpXCSkGVYQQ,188.123.50.190,3564350350139052
Pedro,Adamovsky,padamovskyj4@cbsnews.com,5MzVjmQLcG8,92.115.77.54,6333940541785285
Brendan,Tuddenham,btuddenhamj5@nhs.uk,UkNVc6utaArr,74.212.140.241,6380854860408266
Channa,Schieferstein,cschiefersteinj6@oracle.com,WOwNihfagUI,212.4.160.249,3563656480570540
Caroline,Stratton,cstrattonj7@nbcnews.com,iLiWXsWQii,170.136.181.89,201471032814618
Miguel,Yakubov,myakubovj8@gnu.org,Tkq4nBY,135.38.16.26,6767125510984649
Mead,Malthouse,mmalthousej9@ning.com,RRjxMq,126.132.242.242,378973077240622
Maddalena,Perello,mperelloja@technorati.com,17NnNhawa,203.222.226.93,201596888198292
Amelina,Gerbel,agerbeljb@umich.edu,dwwvzGO,253.110.129.21,6304298732056615791
Briant,Bartolomivis,bbartolomivisjc@aboutads.info,KxJ31aWtKoBq,7.133.144.149,3576647570135505
Joyan,Ros,jrosjd@nhs.uk,Ks12gQlUbfq,100.207.160.130,3564668123542090
Berky,Cadell,bcadellje@pinterest.com,nMATLTraGu,204.138.226.87,5602217861775972
Baxy,Sircomb,bsircombjf@zimbio.com,ZRE4zQ,61.188.219.83,3578837454722258
Kristy,MacGhee,kmacgheejg@google.co.jp,zxwt2z39,217.159.170.146,5602213438884683346
Claude,Rubinovitch,crubinovitchjh@businesswire.com,P39BCXcXs,199.217.192.96,6761405101162409351
Jilli,Coleby,jcolebyji@etsy.com,neH2FyQV6O,211.16.202.189,4041373866280393
Delainey,Beentjes,dbeentjesjj@google.de,N5NBNGgQkwAS,225.209.146.40,4903752726785519092
Kendall,Chafer,kchaferjk@cbsnews.com,bUzcJf,134.243.252.174,3577129810780035
Amelie,Duhig,aduhigjl@baidu.com,vI5x8u3,250.82.186.139,3563855467550687
Blair,Scotfurth,bscotfurthjm@plala.or.jp,OV85uhULEdt0,53.102.37.202,3556558990012188
Bertina,Meuse,bmeusejn@boston.com,07MSNGeytX,35.233.254.20,56022144302976032
Wallie,Bone,wbonejo@sohu.com,uwDM3q,63.59.152.48,633356877247945834
Whitney,Dayborne,wdaybornejp@yellowbook.com,xJfIWGVs,66.101.16.4,4041378158380
Konstantine,Duling,kdulingjq@skype.com,rdWR0fO73k7X,50.36.181.206,5229049767022644
Craig,Marriage,cmarriagejr@ted.com,3MfE2G,246.218.200.101,3586520435545697
Lamond,Rappport,lrappportjs@mac.com,HTcn5DDGHIu,0.11.238.85,5453411578090243
Georgetta,Swanger,gswangerjt@soundcloud.com,RVv6DiYgY,227.34.112.142,3538709962701992
Hedwig,Dimblebee,hdimblebeeju@msu.edu,shZkWbN5,101.225.171.153,5130448693791173
Darbie,Bucktrout,dbucktroutjv@about.me,i8mMaUi,223.213.223.52,630495083069111013
Hank,Christophe,hchristophejw@java.com,hsR8cGwf,75.96.170.31,5432786503587934
Penrod,Dietz,pdietzjx@patch.com,e3MmSSOkzE,43.182.171.103,3584093446154174
Marty,Mannock,mmannockjy@ox.ac.uk,titTFBoPW1W,102.157.87.22,4911152795113557776
Guinevere,Drinkwater,gdrinkwaterjz@twitter.com,Gj7DfZt,111.158.8.153,4405931867826728
Ulrick,Coleshill,ucoleshillk0@bloglines.com,It9DGfdwf,148.42.22.50,6334871845667367
Evanne,O'Murtagh,eomurtaghk1@hhs.gov,Y7dTJJQFh,174.177.193.209,50185294946462117
Pascale,Storrier,pstorrierk2@studiopress.com,AJCRtFi0YVc,225.190.236.21,3582827876436268
Caty,Mountfort,cmountfortk3@boston.com,sPaYng9o,43.20.181.29,3585020759622199
Alexandre,Wankling,awanklingk4@fc2.com,E0EpHFgFa0S,182.55.250.187,3549889648674636
Tedman,Mecchi,tmecchik5@ucoz.ru,parTV9rzuL,115.109.48.38,342122868612838
Flore,Devinn,fdevinnk6@stanford.edu,zH6IRr9YtMo,239.29.55.147,3581999118936669
Gwynne,Cicchillo,gcicchillok7@hubpages.com,3VCZQCbZVIQ,245.102.186.114,63042657808766575
Vincenz,Yielding,vyieldingk8@paginegialle.it,FQCiJjWeV3me,209.173.228.17,6759612430258279
Reinhold,Acum,racumk9@springer.com,rJtfdmatLYFp,11.57.104.158,5602225530791067351
Kipp,Kirkbright,kkirkbrightka@macromedia.com,OGwbku,92.88.43.218,3577562908349604
Lucretia,Haward,lhawardkb@barnesandnoble.com,AY9c7vO,112.248.77.33,3562091224630940
Tobit,Giraudel,tgiraudelkc@nih.gov,ascvVM,123.103.189.4,3535929234316063
Em,Rippin,erippinkd@reuters.com,QNbyqV7TYHO,148.193.209.164,3565546431238644
Delaney,McLarty,dmclartyke@webnode.com,JBrQRJClFx,246.195.56.234,3565900289241582
Tannie,Meatcher,tmeatcherkf@geocities.com,j0axD3,111.96.41.196,3533959456887287
Greg,Francescotti,gfrancescottikg@live.com,BKhkS75xgO4,180.197.139.31,3560648605314154
Bancroft,Struis,bstruiskh@plala.or.jp,rd5goIzaGUpf,120.239.118.243,3566814631071556
Silvana,Sisneros,ssisneroski@msu.edu,a2nglHHYc,126.21.237.221,3569899099957161
Jourdain,Bavage,jbavagekj@whitehouse.gov,f9Mu1tQJO,109.145.25.137,3568905971323587
Danita,Louiset,dlouisetkk@stanford.edu,nnLxoLg1HM,24.176.232.55,3585660226118683
Franklyn,Borrell,fborrellkl@shinystat.com,ngjkAEYaj9w,77.107.98.232,4508148162184283
Melisse,Cellone,mcellonekm@feedburner.com,XJCHxW,138.62.186.149,56022462794932663
Celestyna,Kobpac,ckobpackn@wix.com,1EIEonz0n75K,121.8.94.7,5108757422135140
Verna,Menis,vmenisko@samsung.com,LiigS54B2,229.234.26.17,3588007462934604
Janka,Kares,jkareskp@example.com,7rREQPSFQg,3.170.158.69,5002358548878619
Dollie,Clegg,dcleggkq@usda.gov,WFv1xLs,118.240.50.156,3580390326731764
Janetta,Matteotti,jmatteottikr@imdb.com,zdEeLPv,253.166.73.246,30227987297572
Nada,Corneliussen,ncorneliussenks@vkontakte.ru,IsCT8f,224.181.217.195,3549643106973190
Gilbertina,MacClinton,gmacclintonkt@whitehouse.gov,lpMeKp6PAO,113.167.130.44,4026270103700622
Loralee,Blakesley,lblakesleyku@washington.edu,IoaGtoenWEP,156.172.169.90,6709378231293292
Sargent,Priddey,spriddeykv@tumblr.com,N01AtK,162.133.121.152,3557872955275840
Jabez,Oiller,joillerkw@ebay.co.uk,whziD8U,129.224.175.209,3553823390733640
Katerine,Cutcliffe,kcutcliffekx@cocolog-nifty.com,uRd7h6Ogas,153.212.121.87,5602243216715588
Brenda,Graddell,bgraddellky@deviantart.com,aZxV50Vw8owZ,146.56.107.135,3562323419764295
Bronny,Magnay,bmagnaykz@walmart.com,F2ys0phD,107.224.194.90,5108759846486463
Oralla,Bartoshevich,obartoshevichl0@tinyurl.com,GZAINWtd,214.4.142.130,3555415807654861
Morly,Brito,mbritol1@tamu.edu,sZtHMlXnpd,199.111.35.197,30383627587466
Rosabel,Marten,rmartenl2@godaddy.com,bVhC1dV,151.127.237.235,5225067365059069
Yoko,Patise,ypatisel3@wordpress.com,9S0kH7yyO,246.136.197.59,3542576486729260
Karoline,Andrieu,kandrieul4@deviantart.com,jAOmGEJiP,73.251.245.174,5038956214301044
Hunter,Towell,htowelll5@hao123.com,Ce3BS1,190.118.73.161,3553350812976011
Thaddus,Powton,tpowtonl6@163.com,C5RIpsOjTT,138.155.42.181,4471465440567
Allys,Jonas,ajonasl7@devhub.com,3H8IrSo,161.195.249.119,3531187221572065
Lexy,Muslim,lmusliml8@opera.com,X9RmqubpQkhm,3.149.43.93,5602244847595191
Vivianna,Glison,vglisonl9@prlog.org,EE2eqC6pvB4,109.137.30.32,5610174118305436
Tabbie,Fearnley,tfearnleyla@weather.com,Zcfc5xD,196.163.202.170,3562299459390623
Tildie,Glowacha,tglowachalb@hud.gov,KLeRLz40,104.36.215.0,4026872247621554
Albina,Rendle,arendlelc@nba.com,ZfPERL,242.109.51.213,3563410049498144
Cullen,Konzelmann,ckonzelmannld@slate.com,olMvIBDt8pH,17.250.164.52,30540772818703
Ronald,Schuster,rschusterle@mayoclinic.com,o8JaFQ6kh,61.97.189.246,3560429299060175
Verge,Flexman,vflexmanlf@microsoft.com,KFsZd7U,155.226.193.37,5163576392943883
Holli,Revey,hreveylg@tripadvisor.com,wh5qsjX27pP,109.161.225.249,374288145945555
Natasha,Popescu,npopesculh@netlog.com,4w0n24EwKI,67.118.85.168,3569561915140139
Gregorius,Cheeld,gcheeldli@cargocollective.com,N4WsYoPW,190.130.64.73,0604177400659499915
Elinore,Caselick,ecaselicklj@mayoclinic.com,mNQh93JH,232.79.123.207,5007662326826913
Kathleen,Gibbe,kgibbelk@wisc.edu,kwxJkIHeoF2,235.174.197.112,3544908163766232
Gina,Poll,gpollll@engadget.com,MUF0aUJDo3,123.111.84.151,3552229456771998
Brit,Whyborn,bwhybornlm@xinhuanet.com,1iSQohN9,163.175.253.179,6331100527724491
Dallis,Lafflin,dlafflinln@creativecommons.org,jk3AIrot,30.253.207.29,5100170823696306
Laurence,Wixey,lwixeylo@flavors.me,rITgSk2GJ,174.113.153.21,3578250382691621
Bram,Karpe,bkarpelp@comcast.net,XLymCh,197.84.234.61,3557177493311812
Marissa,Jimmes,mjimmeslq@taobao.com,Yhj8kgmVy2,141.235.249.186,372301014445102
Maxim,Allwell,mallwelllr@exblog.jp,l9eJ9MteSa,198.45.124.209,3548013139704999
Angela,Earengey,aearengeyls@php.net,QvkC3mZmaa,11.194.251.27,3583752203735910
Maribelle,Trace,mtracelt@sciencedirect.com,tKz9fISRgs,209.250.141.184,3540914382975459
Gill,Packwood,gpackwoodlu@nyu.edu,tTmQ9Y3,106.129.72.129,3572028889025832
Devondra,D'Costa,ddcostalv@netvibes.com,j9His325tkHJ,180.134.43.156,30023429514512
Port,Jeal,pjeallw@miitbeian.gov.cn,Y5OECGgg7,225.54.79.123,3576009747562246
Cory,Ruse,cruselx@foxnews.com,KBe1JDB,95.103.49.135,3528423220879028
Berny,Moens,bmoensly@wisc.edu,6PQV39rd2F,45.233.146.254,3549739649347007
Laurence,Rubinov,lrubinovlz@wikimedia.org,4YxhXZ6GUK,135.249.75.76,3556708017520990
Irwinn,Doddemeade,idoddemeadem0@imdb.com,WGJwm69kDZ,27.252.147.106,5413168542892679
Irv,Tynewell,itynewellm1@ehow.com,A1XrwD,196.169.137.77,4026827458211099
Margarethe,Haydn,mhaydnm2@washingtonpost.com,yFbtr8yXl,216.97.24.145,3549341353248743
Deirdre,Brigge,dbriggem3@guardian.co.uk,Sw7mZfihkD0,0.145.155.53,3538855001012675
Paulie,MacAnespie,pmacanespiem4@altervista.org,hLam2Mm03,34.194.87.122,3562866299472371
Vincenz,Porson,vporsonm5@alibaba.com,EyrBZIC4pP,227.43.23.121,3550496086194949
Freemon,Measor,fmeasorm6@posterous.com,sJW4G3OKatH,195.169.123.188,201728163984704
Ellynn,Darnell,edarnellm7@craigslist.org,dIwRjZpF1mgi,11.255.216.242,3540189274508102
Leon,Bloxsome,lbloxsomem8@ted.com,25KKKQ,159.188.197.174,4175005037766177
Shena,Lilleman,slillemanm9@nbcnews.com,FhxIjk,114.64.224.88,4017957932766193
Alie,Bruinemann,abruinemannma@google.com.br,rg2Xqn0,165.63.213.71,3576295485637809
Kaspar,Woodyeare,kwoodyearemb@amazon.de,c48L4RBtoJ,50.188.19.233,6762312990370686747
Alvira,Shallo,ashallomc@jalbum.net,snAggY89yJ5,218.129.114.183,201551077759305
Demetria,Hendin,dhendinmd@homestead.com,eRIaca,88.70.43.107,36004164475204
Wyn,Martt,wmarttme@intel.com,HpG5Cuzan4e,168.42.247.107,6759674444310976535
Lonna,Chantler,lchantlermf@yahoo.co.jp,v5QDOtdozI,128.131.124.99,6331101015313458654
Davina,Dutt,dduttmg@networkadvertising.org,z4ZbBdOTNp,124.26.201.248,4017951869031
Elena,Gon,egonmh@wiley.com,5FZV86c6g94E,69.97.213.98,3531808764727135
Eveleen,Bryers,ebryersmi@europa.eu,B5piIWLPF,83.23.85.88,677181804317272285
Coleman,Arnefield,carnefieldmj@clickbank.net,CCEaVj6u5R,94.136.109.207,5602256411880555287
Woodman,Minchinton,wminchintonmk@spiegel.de,gELfBm,172.159.100.101,201918888997228
Evangelin,Batterbee,ebatterbeeml@networkadvertising.org,2OlyPU,235.151.183.164,67063697498548631
Garvin,Manis,gmanismm@usnews.com,JBbnj7,137.71.22.230,3567749798495942
Abrahan,Jedrzejewicz,ajedrzejewiczmn@salon.com,h5XHNdRRhNs,5.199.37.151,3574543765207070
Marty,Sandyford,msandyfordmo@berkeley.edu,Z0uE7Mxw224,2.155.57.50,5007662896134565
Desmund,Guidini,dguidinimp@mediafire.com,JIS6Wy6EyP,159.204.160.80,3528966549799616
Brockie,Broadnicke,bbroadnickemq@addthis.com,eWSNEa,20.168.222.182,3582132488180903
Gerty,Eallis,geallismr@pagesperso-orange.fr,UaEl22fsf,66.189.16.130,30226310256966
Opalina,Gerrett,ogerrettms@infoseek.co.jp,NjYFvFTw,193.250.27.7,374283290980531
Igor,Gilhouley,igilhouleymt@google.es,Avi5frjOW,15.59.8.215,56022148600002995
Jaquenette,Meaker,jmeakermu@macromedia.com,qQ1kO9f,255.78.124.246,4026331618904131
Dewain,Mellows,dmellowsmv@jugem.jp,lCgpJjynr,201.65.16.232,5602216377089563
Nealon,Rodgers,nrodgersmw@joomla.org,9Hf3YleC,74.250.99.188,6304344480274382
Kathleen,Cowgill,kcowgillmx@ucsd.edu,KE34sAzjm,82.8.74.187,3531729701921344
Keefe,Entwistle,kentwistlemy@odnoklassniki.ru,PGiZGdfwX,248.48.54.68,36048133718129
Tan,Chitty,tchittymz@wunderground.com,PlLt3p,83.16.25.126,6383647722749183
Baily,Huntly,bhuntlyn0@mapquest.com,GNYANCd,56.7.233.242,5602258046739391712
Jimmy,Warrier,jwarriern1@weather.com,GctsUGwjP9,112.223.217.124,564182035432655596
Adriana,Torrejon,atorrejonn2@wufoo.com,f5dUHDGd,217.246.16.172,5010129756492884
Pavia,Boyson,pboysonn3@senate.gov,WZ0DKIAH,130.221.101.213,3586076557938418
Gwenni,Abbado,gabbadon4@japanpost.jp,PXiXJiD,12.124.90.34,6333563366066025563
Manon,Burchatt,mburchattn5@cargocollective.com,6VvuadftGJJ,16.212.36.143,3572040656329743
Ophelia,Pulbrook,opulbrookn6@quantcast.com,vquqsQH,69.202.166.126,5100143225090949
Bonita,Willgress,bwillgressn7@virginia.edu,8WTlTxu,18.186.75.30,5007665949837183
Steve,Asipenko,sasipenkon8@zdnet.com,OjjYlAYjq,103.33.124.131,4041592204090632
Sabina,Spraggon,sspraggonn9@shareasale.com,vr84C9iEbsX,87.180.186.100,5100147973138362
Roseann,Udey,rudeyna@list-manage.com,Dle5oX,119.123.72.151,4026152441379212
Lenora,Gamet,lgametnb@1688.com,JqHsYZ,243.244.16.218,3550501984064795
Birgitta,Solley,bsolleync@scribd.com,IreGRve,75.67.217.148,5427055445350596
Oralee,Ludron,oludronnd@opensource.org,FqPleXYlTO19,223.168.54.213,6304197740309004
Coletta,Smolan,csmolanne@amazon.de,TSmbyZMrL,112.75.53.247,6767454072705560967
Benedikta,Basketfield,bbasketfieldnf@unc.edu,P7ith6DIq,49.252.174.94,5602217027273565
Roby,Clancy,rclancyng@123-reg.co.uk,vMSfFPO2Aa,85.158.9.129,5602233480115383
Lucienne,Stringer,lstringernh@nhs.uk,0gJzuEl5ku6,24.125.217.150,5641821396918461
Erminie,Croysdale,ecroysdaleni@cbsnews.com,IddDire6E3xN,239.217.73.155,676758617726848486
Burton,Dincke,bdinckenj@lycos.com,LNWYmgm,189.5.202.185,3536827601809703
Alford,Porter,aporternk@delicious.com,wK7uEz,71.164.9.248,4905639805127704366
Ave,Pilmer,apilmernl@addtoany.com,4tuzxgbV,49.35.244.171,4917751746289364
Sammy,Elintune,selintunenm@ask.com,77zZNeMC,1.157.161.55,6709296695390919
Nikki,Clausius,nclausiusnn@live.com,m5y1rmx2Su,192.60.220.5,5602250021388154
Diana,More,dmoreno@economist.com,NaSEcRW,128.116.41.72,3562197276239256
Miguel,Panketh,mpankethnp@mapquest.com,xrhYn8LI,210.198.152.65,4508351024176576
Pepi,Stennett,pstennettnq@shareasale.com,fT3Wm2y8eY0X,178.153.119.108,374288228303318
Vivi,Spottiswood,vspottiswoodnr@ehow.com,w29p0mwiZh,112.25.78.252,6399409862014098
Laurene,Longstreet,llongstreetns@nydailynews.com,Nj1OKrEb,140.75.75.133,5641827565675733
Gideon,McCahey,gmccaheynt@reference.com,uH4WAdrw,221.193.149.177,4041375728643155
Kelley,O'Dunniom,kodunniomnu@theguardian.com,jZqzucCFm,41.22.44.213,3578327100983512
Fitz,Garrood,fgarroodnv@salon.com,n7Tj102m,71.195.109.194,4911838597234130
Kaja,Ojeda,kojedanw@arizona.edu,9aJfKTeZxH,165.91.99.5,374622823036149
Fedora,Stubley,fstubleynx@umich.edu,Cos2yC2gwc0,81.188.167.15,3545095740220039
Timothee,Filby,tfilbyny@pagesperso-orange.fr,ONmH8i,25.235.11.161,201916020708834
Joana,Draper,jdrapernz@macromedia.com,4WlVGLxa2,25.144.182.48,3563394458519014
Laurel,Chiplin,lchiplino0@nps.gov,ZIZna3be8i,154.203.135.73,4405656264786437
Tadeas,Selwyn,tselwyno1@yale.edu,4woPRv,37.77.122.201,3534148179057894
Mellisa,Parmiter,mparmitero2@dagondesign.com,08ADRpWStoH4,239.241.53.51,6334022109079549
Babita,MacNaughton,bmacnaughtono3@tinypic.com,e8Sfyq,215.67.0.87,5100406600153735
Otes,Gueinn,ogueinno4@nhs.uk,lF6Q9UOVD,238.107.223.153,3573458557919199
Kristo,Lauks,klaukso5@com.com,1tLm4X7F2,173.239.52.140,3568447952646637
Auberon,Walstow,awalstowo6@cmu.edu,ELe0mTr38zU7,81.108.28.77,3536924724699739
Bjorn,Mattheissen,bmattheisseno7@furl.net,Hd9qrP8A,142.60.252.231,3578617507743703
Hartwell,Reinhard,hreinhardo8@weather.com,XDvUZISvIC,187.245.58.178,3568906307140497
Koenraad,Leeb,kleebo9@example.com,m6mT2GE,22.124.210.229,3535197658295458
Fawnia,Torricina,ftorricinaoa@shinystat.com,n2sJiM,37.149.201.35,6393043753389578
Decca,L'Archer,dlarcherob@tripadvisor.com,kaXXxFwbS5,107.14.172.201,3528001419291922
Kalina,Ledgley,kledgleyoc@nbcnews.com,BLeTxFHhvH7T,132.48.158.121,5552500909022667
Klement,Huckabe,khuckabeod@ovh.net,9oLdmr,119.9.144.75,5507993438630561
Flory,Foxton,ffoxtonoe@wordpress.org,tyeGjz84DCr,77.235.118.67,5002359177466098
Veronica,Clelle,vclelleof@wufoo.com,vN0Mn52,114.153.90.197,56022102015248834
Gale,Spurrett,gspurrettog@forbes.com,L6iYH2Eq1,187.240.7.212,374283976092460
Titus,Rolfi,trolfioh@thetimes.co.uk,hxcygzBefj,155.123.3.116,3572504762525288
Mac,Veneur,mveneuroi@japanpost.jp,JUw0fnfn9M,126.96.90.92,3575684312764491
Ezra,Korf,ekorfoj@epa.gov,mNovVzyiGOX,137.172.114.159,3545970736560020
Coriss,Stivey,cstiveyok@salon.com,H08sFI4EQA,15.44.175.91,5893743229839952421
Shane,Verbrugge,sverbruggeol@epa.gov,7tMqbR6E3,124.200.154.49,3571395435166845
Alon,Abrey,aabreyom@columbia.edu,ZMVYwXCLg,165.74.123.209,3546584303041527
Benetta,Bale,bbaleon@ucsd.edu,yzV2lMo6v,99.60.145.155,374622979708749
Agnese,Drejer,adrejeroo@microsoft.com,yCUxxNQUWn,202.93.242.139,4026882520559694
Oralle,Signore,osignoreop@mapy.cz,dDT6KW4gTwwI,150.76.64.88,501828227807690629
Drucill,Trillow,dtrillowoq@behance.net,33G1HRr0,121.59.163.238,3536897550506881
Gaby,Denial,gdenialor@dyndns.org,072sntIvpfL4,104.94.114.166,201691300103432
Esther,Basillon,ebasillonos@narod.ru,UlMiohWKH6,184.39.18.71,3587455167662072
Zacherie,Livingston,zlivingstonot@aol.com,GUJH064iey2p,241.200.212.192,3588660977609010
Jedidiah,Fritschel,jfritschelou@icq.com,Ck3uaJbM,47.101.44.162,4913635288905020
Robin,Bosnell,rbosnellov@ed.gov,lqe8qRE,85.38.59.86,5007667476410962
Humfrey,McQuirk,hmcquirkow@nbcnews.com,c7SUpo0TcP,59.142.168.75,4903844439625160487
Sloan,Pittson,spittsonox@last.fm,rBvlpsObvzIG,174.151.116.203,3534176499276217
Desmond,Pyer,dpyeroy@mapquest.com,QpTOzzCYP,150.145.8.39,6333839114266121
Theodor,Foulstone,tfoulstoneoz@state.tx.us,d2pqmK7UJNr,174.23.71.22,4903077950784536
Elane,Denty,edentyp0@howstuffworks.com,vRcPClSj,20.3.236.161,30385202207675
Cecilius,Zoppie,czoppiep1@blogtalkradio.com,jomEOpqv,43.150.83.102,3575723484008434
Auberta,Sagerson,asagersonp2@biglobe.ne.jp,LnPTuWeQ,123.132.161.111,3585452008242216
Lola,Heard,lheardp3@bbb.org,ClSX1FgCt,202.174.219.172,201786211303723
Burton,Happer,bhapperp4@utexas.edu,0F2YSKgMr8O,76.187.158.128,3585893920467342
Cassaundra,Nannizzi,cnannizzip5@smh.com.au,doa6U3PkWL,24.152.139.54,372301649752021
Barbara,Itzkin,bitzkinp6@mac.com,jyngHbopE2,147.108.105.70,56022449309046501
Arel,Mant,amantp7@smh.com.au,nPyI6nyXXQv0,34.26.20.55,5100143801439569
Haley,Tansley,htansleyp8@senate.gov,x6TYMdp94XR,90.27.54.56,5466282102178274
Tatum,Engelmann,tengelmannp9@cbc.ca,7IXpSDnmNvB,250.242.212.38,3567539880332370
Sherlock,Kenyon,skenyonpa@google.fr,95lEzDVB,210.53.62.186,3559280951517058
Desmund,Lempel,dlempelpb@yahoo.com,Mxy5pGcJj,240.65.109.101,3589142249788517
Farlie,Karlolak,fkarlolakpc@jiathis.com,oVjwZfTILt,72.24.228.134,374622480489862
Rubie,Ioannou,rioannoupd@phpbb.com,Fkdme4,75.150.226.13,561064234317057510
Aila,Burleigh,aburleighpe@cnbc.com,YoC67WaSTt,18.167.92.128,4017951117811
Antonella,Cogdell,acogdellpf@canalblog.com,H6gVksMv,123.27.214.154,5568437753810354
Fedora,Gregoletti,fgregolettipg@webmd.com,xk5TW72MrgC,229.51.80.173,3534418216961303
Giacomo,Padbury,gpadburyph@ifeng.com,Y1wfmi01,154.91.36.192,5568407724184767
Agatha,Roostan,aroostanpi@ustream.tv,mmuasfK39AvE,72.221.236.84,3564262479798306
Bunni,Matei,bmateipj@state.gov,jk8ElXrkaZo,39.153.181.146,4026070853009178
Kerr,Zavattari,kzavattaripk@fc2.com,kZuD0Evyoqaz,74.154.115.110,3580875249305365
Padraig,Norcliff,pnorcliffpl@nymag.com,6pBMrhtx,160.158.75.227,67712083624801332
Gisella,Pickwell,gpickwellpm@drupal.org,FgWeYt,44.114.43.155,3530810546102562
Desirae,Le Noir,dlenoirpn@upenn.edu,mXVmAgyYM,55.151.151.44,3549026005588121
Horton,McLoughlin,hmcloughlinpo@disqus.com,fyDpQIKs,12.111.34.212,4903887356910792295
Marnia,Benard,mbenardpp@cam.ac.uk,7ju683,6.167.146.224,3563644600492217
Ruprecht,Mairs,rmairspq@latimes.com,3D3ZIdqb,201.151.174.168,630441268446495818
Bettina,Saby,bsabypr@loc.gov,QuyBaT7Xzd,247.47.86.153,67098884656410965
Mahmud,Vant,mvantps@tiny.cc,TB8pYrLUswLx,147.105.140.179,3552799200398496
Jerri,Joy,jjoypt@constantcontact.com,P9EJ9uNjvd,181.241.12.55,3549262262824632
Pembroke,Ramlot,pramlotpu@reuters.com,608kbSwTsVp,37.95.176.234,5007662093803616
Irwin,Imesson,iimessonpv@t.co,STRuwQtEs,104.35.184.58,5020072890020859104
Trude,Blader,tbladerpw@dell.com,Q5padUHP,249.238.212.130,677192784267599217
Adrea,Horney,ahorneypx@prnewswire.com,ujqR2q,112.88.186.45,3540781564647127
Ibby,Mc Menamin,imcmenaminpy@whitehouse.gov,zwAO47q,250.128.238.225,560222685398244080
Renault,Phython,rphythonpz@geocities.com,T7fkSe,106.122.239.184,6333749503347196543
Darleen,Swalteridge,dswalteridgeq0@mediafire.com,lXHePr2,219.21.134.201,4913414167151688
Richmond,Hogbin,rhogbinq1@drupal.org,BSkD7lmtX,229.203.101.119,3572608476174729
Lovell,Bartosinski,lbartosinskiq2@msn.com,29wdH8nZfaoE,248.9.194.65,3567515412309615
Cacilie,Kettoe,ckettoeq3@unesco.org,K8Jk52q,44.150.82.152,5602220601365245
Gabriela,Tarbet,gtarbetq4@hexun.com,LMNwRe,5.246.14.17,30258508391099
Gabie,Buscombe,gbuscombeq5@flavors.me,mJ7oBphDp493,124.151.107.132,56022238577367834
Pepi,Dunrige,pdunrigeq6@addtoany.com,JREoLI,7.142.71.9,5108758363980742
Gus,Codrington,gcodringtonq7@posterous.com,8LqHdTj6Erss,147.36.167.88,3545215043161959
Dorian,Bedin,dbedinq8@over-blog.com,T6EDI1NHrFo,75.84.219.84,5048378713818139
Noak,Kobpa,nkobpaq9@toplist.cz,6XMq5Uceaqe,213.163.132.99,3558840017482166
Golda,Saggs,gsaggsqa@vimeo.com,pALFIQwVw,16.22.169.50,3537649850106964
Jaclyn,Bowmen,jbowmenqb@kickstarter.com,hwMsOBf,213.179.178.57,3562437076767985
Giraldo,Mains,gmainsqc@aol.com,j0PH2CSWJKa,134.148.26.20,5641820370047632113
Junie,McFeate,jmcfeateqd@yellowbook.com,Q7WdnPfTio,254.127.51.83,67611298542317813
Guthry,Caplan,gcaplanqe@live.com,FB0pgEC1,153.80.144.74,201442301278702
Bil,Popelay,bpopelayqf@smh.com.au,9j7Y4XJ2J,144.169.47.9,3580248016669225
Robbyn,Kayes,rkayesqg@bloomberg.com,KCiRzbs,115.172.248.71,3544227084767843
Tamqrah,Kettell,tkettellqh@blogs.com,MG6UeZx0,109.8.204.228,4903263198025482
Orson,Kurdani,okurdaniqi@nasa.gov,f08VFF140,209.85.204.160,5010123881019795
Elnora,Febre,efebreqj@joomla.org,YZWlZe5qc,4.224.155.98,56022435650166568
Letty,Cheek,lcheekqk@seesaa.net,vBUXphErwaN5,92.11.98.162,3581573474135305
Sheff,Teaser,steaserql@tamu.edu,q0rheu2,34.221.98.166,4917574952272605
Nevsa,McNeill,nmcneillqm@telegraph.co.uk,ZLrSot,224.120.181.230,4017958953648
Ezekiel,Skully,eskullyqn@patch.com,YKKNBeqEv30R,216.69.121.95,5100144025691191
Ilise,Cumberbatch,icumberbatchqo@feedburner.com,HMESg7n,90.71.56.141,5610066095963841
Patin,Dumingos,pdumingosqp@xing.com,uHrrMWbxQ0Yj,107.62.116.151,5407539151677551
Kort,Adcock,kadcockqq@salon.com,JyBhmh8xrN,222.0.103.81,3554000864914480
Arielle,Saltern,asalternqr@adobe.com,TGzenXt2Ypf,23.147.152.5,3528949971791012
Doyle,Crossdale,dcrossdaleqs@posterous.com,NCbE7kWEW2,64.164.95.6,3546604954753749
Cathie,Hubbucks,chubbucksqt@indiegogo.com,h3Pk0YSyoziR,243.55.207.43,4903775558988055019
Barr,Saker,bsakerqu@lycos.com,eEUAbJ,43.251.110.104,3546270402197168
Stephana,Cassy,scassyqv@google.com.br,7IZIpzWZcl,248.100.11.250,5509441368024965
Colly,Knill,cknillqw@blogtalkradio.com,OZVTwYe,95.65.122.128,3582690787069366
Shalna,Crickmore,scrickmoreqx@independent.co.uk,43oxbTtVBj,167.184.200.40,3578812417193350
Shelley,Jovic,sjovicqy@marketwatch.com,pTIQg0Jm,152.55.208.81,3584593562018541
Orlan,Maps,omapsqz@ezinearticles.com,TsutTNiD3,123.236.95.215,5010122557837084
Alfred,Storry,astorryr0@amazon.co.uk,FDLCv1oEyf,177.2.83.240,3566176889302251
Kerk,Taffs,ktaffsr1@mac.com,oMYkn5G,157.98.101.78,56022242779788953
Golda,O'Fergus,gofergusr2@home.pl,MChTo5,167.205.178.69,337941048333917
Norbert,Sawbridge,nsawbridger3@sphinn.com,jyUuq1ht,128.246.198.126,5100142366757688
Myrta,Vahey,mvaheyr4@netlog.com,Nzj1aF6,174.94.210.126,3540195875683350
Bernhard,Lenox,blenoxr5@lycos.com,O6xvYZzsSqY,144.199.15.222,3544155914633275
Adams,Ligertwood,aligertwoodr6@t.co,Dzk0R6bQ,8.169.189.22,201486422239762
Terese,Arents,tarentsr7@thetimes.co.uk,vSUXHY,107.94.246.46,3580425432564467
Alard,McElrea,amcelrear8@tiny.cc,2w5Hm2Yj,160.126.170.77,3530363617441600
Renie,Clifft,rclifftr9@nifty.com,CNAO9J,33.28.29.248,5602258882290484
Correy,Haddinton,chaddintonra@reference.com,Eem4HZED,73.181.74.30,6304484616338771742
Sanson,Eastridge,seastridgerb@apache.org,hpAYYn,80.12.130.123,6759993455263195042
Conrade,Mattin,cmattinrc@drupal.org,BE8P9c,36.139.218.247,6767410128438224
Lelia,Henke,lhenkerd@purevolume.com,mugqvnSFrc,84.161.166.226,630488920621017940
Gwenette,Hucks,ghucksre@apache.org,4CYNUscrR,255.210.255.104,3565744273874945
Cody,Reade,creaderf@go.com,jdsnvpbOpRSr,206.20.185.1,3537836279657319
Cloe,Prebble,cprebblerg@mtv.com,r0n31b,149.242.35.23,4041592532364402
Joellen,Finker,jfinkerrh@jalbum.net,pTK3refT,200.61.238.95,5602216598537267
Nikolaus,Gurwood,ngurwoodri@wiley.com,Wi18G3El5t,68.253.125.81,67060851488405079
Koralle,Brunke,kbrunkerj@homestead.com,kBDeinA,155.139.144.190,6378735708183522
Chris,Hayhurst,chayhurstrk@istockphoto.com,mLidiP5g,43.193.11.68,676292124975008501
Danyelle,Wailes,dwailesrl@abc.net.au,Slwjyp8,26.172.178.152,63043009429449604
Carlen,Drewery,cdreweryrm@statcounter.com,PobiEbmJOm7,153.186.214.42,3547666892713274
Burg,Cain,bcainrn@studiopress.com,brYim72Ry,53.2.48.18,560225245379198339
Archambault,Waller-Bridge,awallerbridgero@nih.gov,wI5p4fAufCHM,145.149.240.126,3572302546818701
Leilah,Theurer,ltheurerrp@npr.org,SbnPqUcNGdB,205.101.165.176,4026929763484369
Gwen,Twopenny,gtwopennyrq@usgs.gov,bZzCOCpRbd,159.227.101.143,5108754853580092
Stanislaus,Abrahmson,sabrahmsonrr@archive.org,w7PAFIm,119.66.48.12,372301437137807
